absolute_energy_error,active_space,allocation,ansatz,approximation_ratio,backend,basis,budget,budget_semantics,circuit_depth_upper_bound,comparison_shots,depth,device,distance,distance_bohr,early_stopped,electrons,energy,energy_objective,equal_budget_raw,equal_budget_raw_error,exact_cut,exact_energy,expected_cut,extrapolation,family,fidelity,final_gradient_norm,function_evaluations,gate_count,gate_execution_multiplier,hamiltonian_bytes,hartree_fock_energy,helped,hidden,ideal,improvement,initialization,iterations,job_id,kind,magnetization_error,mapping,memory_scope,method,method_seconds,mitigated,mitigated_error,mitigated_variance,model,noise_model,objective,optimizer,optimizer_message,optimizer_success,parameter_count,peak_memory_bytes,precision,probability,qubits,raw,raw_error,raw_variance,reference,reference_seconds,relative_energy_error,restarts,rss_start_bytes,runtime_seconds,seed,shots,spin_orbitals,state_bytes,state_space_size,steps,success,target,total_iterations,total_shots,transverse_magnetization_error,units,variant,wall_seconds
5.205169628652584e-12,,,,,,,,,,,,cpu,,,True,,-2.2360679774945846,,,,,-2.23606797749979,,,,0.999999999998638,,,,,,,,16,,,,234,89109eae0415aba6,nqs,7.127358165357174e-07,,"Process RSS sampled every 10ms; includes imported dependencies, may miss short peaks",,,,,,tfim,,,Adam,,,132,319991808,float64/complex128,,2,,,,,,2.3278226248169027e-12,,223211520,,0,,,,,350,,,,,8.654532897001133e-07,,,4.934043699991889
4.884537219140839e-12,,,,,,,,,,,,cpu,,,True,,-2.2360679774949053,,,,,-2.23606797749979,,,,0.9999999999986335,,,,,,,,16,,,,233,23704a7cfd63e2f2,nqs,4.889383543825127e-07,,"Process RSS sampled every 10ms; includes imported dependencies, may miss short peaks",,,,,,tfim,,,Adam,,,132,320282624,float64/complex128,,2,,,,,,2.1844314521253403e-12,,319987712,,1,,,,,350,,,,,8.616474516109918e-07,,,1.0202075999695808
3.694822225952521e-12,,,,,,,,,,,,cpu,,,True,,-2.236067977496095,,,,,-2.23606797749979,,,,0.9999999999989733,,,,,,,,16,,,,231,c048bd8e01bb6219,nqs,5.504788595307586e-07,,"Process RSS sampled every 10ms; includes imported dependencies, may miss short peaks",,,,,,tfim,,,Adam,,,132,320327680,float64/complex128,,2,,,,,,1.6523747324013848e-12,,320282624,,2,,,,,350,,,,,6.352780795859658e-07,,,1.023865700000897
7.529976642217662e-12,,,,,,,,,,,,cpu,,,True,,-2.23606797749226,,,,,-2.23606797749979,,,,0.9999999999982045,,,,,,,,16,,,,228,11f42effcd1a828b,nqs,2.078225753587816e-07,,"Process RSS sampled every 10ms; includes imported dependencies, may miss short peaks",,,,,,tfim,,,Adam,,,132,320360448,float64/complex128,,2,,,,,,3.367507928196861e-12,,320323584,,3,,,,,350,,,,,1.0407694976954929e-06,,,1.0842434999649413
3.602451670303708e-12,,,,,,,,,,,,cpu,,,True,,-2.2360679774961874,,,,,-2.23606797749979,,,,0.9999999999988265,,,,,,,,16,,,,237,5a59fcea467dc358,nqs,1.0436011142314482e-06,,"Process RSS sampled every 10ms; includes imported dependencies, may miss short peaks",,,,,,tfim,,,Adam,,,132,320393216,float64/complex128,,2,,,,,,1.6110653640913502e-12,,320356352,,4,,,,,350,,,,,6.513187978951507e-07,,,1.0425975999678485
0.0006265609644633408,,,,,,,,,,,,cpu,,,False,,-2.999373439035537,,,,,-3.0000000000000004,,,,0.9998433597588843,,,,,,,,16,,,,350,d55f1daf56efe5b1,nqs,6.75557631781673e-05,,"Process RSS sampled every 10ms; includes imported dependencies, may miss short peaks",,,,,,heisenberg,,,Adam,,,132,320450560,float64/complex128,,2,,,,,,0.00020885365482111357,,320389120,,0,,,,,350,,,,,2.694076604758058e-07,,,1.5729657000047155
0.0007014573991384054,,,,,,,,,,,,cpu,,,False,,-2.999298542600862,,,,,-3.0000000000000004,,,,0.9998246356502156,,,,,,,,16,,,,350,3c34ce93bbeeee0d,nqs,5.076507631866102e-05,,"Process RSS sampled every 10ms; includes imported dependencies, may miss short peaks",,,,,,heisenberg,,,Adam,,,132,320561152,float64/complex128,,2,,,,,,0.0002338191330461351,,320446464,,1,,,,,350,,,,,7.871406060349888e-07,,,2.4510382000007667
0.0007449933206009618,,,,,,,,,,,,cpu,,,False,,-2.9992550066793995,,,,,-3.0000000000000004,,,,0.9998137516698503,,,,,,,,16,,,,350,4e88e8a8b25bb9a6,nqs,5.091913608136077e-05,,"Process RSS sampled every 10ms; includes imported dependencies, may miss short peaks",,,,,,heisenberg,,,Adam,,,132,320569344,float64/complex128,,2,,,,,,0.00024833110686698723,,320540672,,2,,,,,350,,,,,5.968949225293654e-07,,,1.8474395999801345
0.0005549545343486173,,,,,,,,,,,,cpu,,,False,,-2.999445045465652,,,,,-3.0000000000000004,,,,0.9998612613664131,,,,,,,,16,,,,350,d3061106e472a3f1,nqs,1.9618640520482974e-05,,"Process RSS sampled every 10ms; includes imported dependencies, may miss short peaks",,,,,,heisenberg,,,Adam,,,132,320598016,float64/complex128,,2,,,,,,0.00018498484478287242,,320565248,,3,,,,,350,,,,,1.826630899017681e-07,,,1.7660415999707766
0.0005610364141568347,,,,,,,,,,,,cpu,,,False,,-2.9994389635858436,,,,,-3.0000000000000004,,,,0.9998597408964611,,,,,,,,16,,,,350,198aa87d840dd68c,nqs,1.8978113968598414e-05,,"Process RSS sampled every 10ms; includes imported dependencies, may miss short peaks",,,,,,heisenberg,,,Adam,,,132,320638976,float64/complex128,,2,,,,,,0.0001870121380522782,,320610304,,4,,,,,350,,,,,3.060565575640642e-07,,,1.4500258000334725
6.426414955740256e-12,,,,,,,,,,,,cpu,,,True,,-2.3052257856496783,,,,,-2.3052257856561047,,,,0.9999999999978528,,,,,,,,16,,,,231,3aca14dde52a0389,nqs,1.3744413265986966e-06,,"Process RSS sampled every 10ms; includes imported dependencies, may miss short peaks",,,,,,complex,,,Adam,,,132,320667648,float64/complex128,,2,,,,,,2.787759444531458e-12,,320638976,,0,,,,,350,,,,,8.626939603795236e-07,,,0.985297100036405
5.313083306646149e-12,,,,,,,,,,,,cpu,,,True,,-2.3052257856507916,,,,,-2.3052257856561047,,,,0.9999999999986378,,,,,,,,16,,,,232,ee15c9ce2c9dd7a6,nqs,3.782081791497971e-08,,"Process RSS sampled every 10ms; includes imported dependencies, may miss short peaks",,,,,,complex,,,Adam,,,132,320667648,float64/complex128,,2,,,,,,2.3047995297059195e-12,,320647168,,1,,,,,350,,,,,5.830259054429021e-07,,,1.1514342000009492
3.0802027595200343e-12,,,,,,,,,,,,cpu,,,True,,-2.3052257856530245,,,,,-2.3052257856561047,,,,0.9999999999991689,,,,,,,,16,,,,232,eb8b4032b523a585,nqs,4.0282202774799547e-07,,"Process RSS sampled every 10ms; includes imported dependencies, may miss short peaks",,,,,,complex,,,Adam,,,132,320684032,float64/complex128,,2,,,,,,1.3361826761986174e-12,,320663552,,2,,,,,350,,,,,3.951501352794651e-07,,,1.0299859000369906
4.459543845314329e-12,,,,,,,,,,,,cpu,,,True,,-2.305225785651645,,,,,-2.3052257856561047,,,,0.999999999998725,,,,,,,,16,,,,232,a134c4d3c6b1933a,nqs,1.0260494502506434e-06,,"Process RSS sampled every 10ms; includes imported dependencies, may miss short peaks",,,,,,complex,,,Adam,,,132,320700416,float64/complex128,,2,,,,,,1.934536683158379e-12,,320679936,,3,,,,,350,,,,,7.54335200525702e-07,,,0.8506618000101298
4.907629858053042e-12,,,,,,,,,,,,cpu,,,True,,-2.305225785651197,,,,,-2.3052257856561047,,,,0.9999999999986617,,,,,,,,16,,,,235,0c2f3617895a3ea8,nqs,1.2003257782167154e-07,,"Process RSS sampled every 10ms; includes imported dependencies, may miss short peaks",,,,,,complex,,,Adam,,,132,320765952,float64/complex128,,2,,,,,,2.12891504536778e-12,,320745472,,4,,,,,350,,,,,9.000542012804758e-07,,,0.7528238999657333
5.675015156469954e-06,,,,,,,,,,,,cpu,,,False,,-4.758764808128478,,,,,-4.758770483143635,,,,0.9999993516788706,,,,,,,,16,,,,350,b98d7f9cf0ec19f2,nqs,6.112298799957167e-05,,"Process RSS sampled every 10ms; includes imported dependencies, may miss short peaks",,,,,,tfim,,,Adam,,,312,320946176,float64/complex128,,4,,,,,,1.1925381097011951e-06,,320745472,,0,,,,,350,,,,,5.115747517014935e-05,,,1.7199197000009008
3.0526272087882944e-07,,,,,,,,,,,,cpu,,,False,,-4.758770177880914,,,,,-4.758770483143635,,,,0.9999999629614479,,,,,,,,16,,,,350,dbc9e5333081b1d7,nqs,1.3756302799998671e-05,,"Process RSS sampled every 10ms; includes imported dependencies, may miss short peaks",,,,,,tfim,,,Adam,,,312,321003520,float64/complex128,,4,,,,,,6.414739310503024e-08,,320933888,,1,,,,,350,,,,,1.976141671855558e-06,,,1.648435800045263
4.534838024206067e-06,,,,,,,,,,,,cpu,,,False,,-4.75876594830561,,,,,-4.758770483143635,,,,0.9999994402522234,,,,,,,,16,,,,350,0b80309326b1555d,nqs,2.6656800304485263e-05,,"Process RSS sampled every 10ms; includes imported dependencies, may miss short peaks",,,,,,tfim,,,Adam,,,312,321060864,float64/complex128,,4,,,,,,9.529432109132445e-07,,320991232,,2,,,,,350,,,,,3.168837595679541e-05,,,1.8296109999646433
1.604384732623032e-06,,,,,,,,,,,,cpu,,,False,,-4.758768878758902,,,,,-4.758770483143635,,,,0.9999998110576,,,,,,,,16,,,,350,e81e441505812674,nqs,2.600925998177313e-05,,"Process RSS sampled every 10ms; includes imported dependencies, may miss short peaks",,,,,,tfim,,,Adam,,,312,321089536,float64/complex128,,4,,,,,,3.3714270068414365e-07,,321048576,,3,,,,,350,,,,,1.0595116571865404e-05,,,1.7885380000225268
7.701097433532311e-06,,,,,,,,,,,,cpu,,,False,,-4.758762782046201,,,,,-4.758770483143635,,,,0.999999124758055,,,,,,,,16,,,,350,72177f328dffaf12,nqs,5.655072848386585e-05,,"Process RSS sampled every 10ms; includes imported dependencies, may miss short peaks",,,,,,tfim,,,Adam,,,312,321118208,float64/complex128,,4,,,,,,1.6182956208564573e-06,,321040384,,4,,,,,350,,,,,3.298211253199845e-05,,,2.0282583000371233
0.3421024999270763,,,,,,,,,,,,cpu,,,False,,-6.121999115210681,,,,,-6.464101615137757,,,,0.954122721034932,,,,,,,,16,,,,350,f0139c80aa6791f2,nqs,1.0064527925040743e-05,,"Process RSS sampled every 10ms; includes imported dependencies, may miss short peaks",,,,,,heisenberg,,,Adam,,,312,321159168,float64/complex128,,4,,,,,,0.05292344091960654,,321105920,,0,,,,,350,,,,,6.718527679629797e-05,,,1.7513822999899276
0.0021332130522937476,,,,,,,,,,,,cpu,,,False,,-6.461968402085463,,,,,-6.464101615137757,,,,0.9993111692234095,,,,,,,,16,,,,350,0d85ea5f72aabbb3,nqs,1.1489914137560222e-06,,"Process RSS sampled every 10ms; includes imported dependencies, may miss short peaks",,,,,,heisenberg,,,Adam,,,312,321187840,float64/complex128,,4,,,,,,0.0003300092076674891,,321146880,,1,,,,,350,,,,,3.8078153483527303e-06,,,1.847952600044664
0.002751896179167268,,,,,,,,,,,,cpu,,,False,,-6.46134971895859,,,,,-6.464101615137757,,,,0.999114044169406,,,,,,,,16,,,,350,3844ed4aadeef426,nqs,3.473529304821177e-05,,"Process RSS sampled every 10ms; includes imported dependencies, may miss short peaks",,,,,,heisenberg,,,Adam,,,312,321220608,float64/complex128,,4,,,,,,0.0004257198204809814,,321175552,,2,,,,,350,,,,,2.030345315997455e-06,,,1.8009437000146136
0.002929498767389127,,,,,,,,,,,,cpu,,,False,,-6.461172116370368,,,,,-6.464101615137757,,,,0.9990531017717307,,,,,,,,16,,,,350,e87694129800d8fa,nqs,1.0101375823347666e-05,,"Process RSS sampled every 10ms; includes imported dependencies, may miss short peaks",,,,,,heisenberg,,,Adam,,,312,321245184,float64/complex128,,4,,,,,,0.0004531950364964515,,321212416,,3,,,,,350,,,,,4.6592586255508363e-07,,,2.724363299959805
0.3429637161981418,,,,,,,,,,,,cpu,,,False,,-6.121137898939615,,,,,-6.464101615137757,,,,0.9538264229891603,,,,,,,,16,,,,350,adcbdfdee9f85b97,nqs,8.234213950360016e-05,,"Process RSS sampled every 10ms; includes imported dependencies, may miss short peaks",,,,,,heisenberg,,,Adam,,,312,321286144,float64/complex128,,4,,,,,,0.05305667154040135,,321232896,,4,,,,,350,,,,,0.00021254921302023847,,,1.6561320999753661
6.788127875800853e-06,,,,,,,,,,,,cpu,,,False,,-4.825573004061906,,,,,-4.825579792189782,,,,0.9999992161849566,,,,,,,,16,,,,350,a8b4653a3e4c788a,nqs,0.00010245872090450248,,"Process RSS sampled every 10ms; includes imported dependencies, may miss short peaks",,,,,,complex,,,Adam,,,312,321380352,float64/complex128,,4,,,,,,1.4066968464157329e-06,,321245184,,0,,,,,350,,,,,5.089200241659153e-05,,,2.148511999985203
6.724480803299571e-07,,,,,,,,,,,,cpu,,,False,,-4.825579119741701,,,,,-4.825579792189782,,,,0.9999999228026591,,,,,,,,16,,,,350,c449a6dfa7cc8274,nqs,2.696648439419469e-05,,"Process RSS sampled every 10ms; includes imported dependencies, may miss short peaks",,,,,,complex,,,Adam,,,312,321380352,float64/complex128,,4,,,,,,1.393507328214356e-07,,321359872,,1,,,,,350,,,,,6.16986450374668e-06,,,1.5796862000133842
5.341507118394873e-06,,,,,,,,,,,,cpu,,,False,,-4.825574450682663,,,,,-4.825579792189782,,,,0.9999993562948358,,,,,,,,16,,,,350,aa3174025488f3bd,nqs,3.5485188969945625e-05,,"Process RSS sampled every 10ms; includes imported dependencies, may miss short peaks",,,,,,complex,,,Adam,,,312,321380352,float64/complex128,,4,,,,,,1.1069150958896423e-06,,321359872,,2,,,,,350,,,,,3.124419635369691e-05,,,1.9117877999669872
4.830606657790781e-06,,,,,,,,,,,,cpu,,,False,,-4.825574961583124,,,,,-4.825579792189782,,,,0.999999440919084,,,,,,,,16,,,,350,bc4d2ddb139100af,nqs,3.471272024684058e-05,,"Process RSS sampled every 10ms; includes imported dependencies, may miss short peaks",,,,,,complex,,,Adam,,,312,321400832,float64/complex128,,4,,,,,,1.0010417122537555e-06,,321359872,,3,,,,,350,,,,,1.1583665178616087e-05,,,1.7198960999958217
1.683955862397113e-05,,,,,,,,,,,,cpu,,,False,,-4.825562952631158,,,,,-4.825579792189782,,,,0.9999981177418449,,,,,,,,16,,,,350,5effbe6ae14cc77d,nqs,0.00011847992235768101,,"Process RSS sampled every 10ms; includes imported dependencies, may miss short peaks",,,,,,complex,,,Adam,,,312,321421312,float64/complex128,,4,,,,,,3.489644633216099e-06,,321388544,,4,,,,,350,,,,,5.984323857588514e-05,,,1.7748255000333302
9.449378694892374e-05,,,,,,,,,,,,cpu,,,False,,-7.2961353167718075,,,,,-7.296229810558756,,,,0.9999870953137532,,,,,,,,16,,,,350,dc90036aa21ce0f2,nqs,0.0007596492793654458,,"Process RSS sampled every 10ms; includes imported dependencies, may miss short peaks",,,,,,tfim,,,Adam,,,556,321925120,float64/complex128,,6,,,,,,1.2951043128079221e-05,,321343488,,0,,,,,350,,,,,0.0002601156396653259,,,2.3125462000025436
6.741242319474594e-05,,,,,,,,,,,,cpu,,,False,,-7.296162398135562,,,,,-7.296229810558756,,,,0.9999921090696539,,,,,,,,16,,,,350,a8180f25dec56112,nqs,0.00018750517905009943,,"Process RSS sampled every 10ms; includes imported dependencies, may miss short peaks",,,,,,tfim,,,Adam,,,556,321875968,float64/complex128,,6,,,,,,9.239350314485695e-06,,321843200,,1,,,,,350,,,,,9.898464126967266e-05,,,2.512272300024051
4.3389616183553414e-05,,,,,,,,,,,,cpu,,,False,,-7.296186420942573,,,,,-7.296229810558756,,,,0.9999948752854073,,,,,,,,16,,,,350,df79ae43838cb65b,nqs,0.00021320151491384745,,"Process RSS sampled every 10ms; includes imported dependencies, may miss short peaks",,,,,,tfim,,,Adam,,,556,321880064,float64/complex128,,6,,,,,,5.94685437686763e-06,,321822720,,2,,,,,350,,,,,9.223491749366097e-05,,,2.8124529999913648
6.830505855770497e-05,,,,,,,,,,,,cpu,,,False,,-7.296161505500199,,,,,-7.296229810558756,,,,0.9999922064607633,,,,,,,,16,,,,350,dea1a4d5a42ff798,nqs,0.00024365477302944034,,"Process RSS sampled every 10ms; includes imported dependencies, may miss short peaks",,,,,,tfim,,,Adam,,,556,321900544,float64/complex128,,6,,,,,,9.361692316606742e-06,,321839104,,3,,,,,350,,,,,0.00010880191284612373,,,2.2846358999959193
0.000153998073779249,,,,,,,,,,,,cpu,,,False,,-7.296075812484977,,,,,-7.296229810558756,,,,0.9999811863076028,,,,,,,,16,,,,350,7114f0882a158a79,nqs,0.0006329361005965198,,"Process RSS sampled every 10ms; includes imported dependencies, may miss short peaks",,,,,,tfim,,,Adam,,,556,321916928,float64/complex128,,6,,,,,,2.110652731310496e-05,,321859584,,4,,,,,350,,,,,0.00023095939309791813,,,2.260398800019175
0.01101747170363332,,,,,,,,,,,,cpu,,,False,,-9.963291063848073,,,,,-9.974308535551707,,,,0.9955466564255017,,,,,,,,16,,,,350,867bdcac22f7d17c,nqs,4.6933669252231846e-05,,"Process RSS sampled every 10ms; includes imported dependencies, may miss short peaks",,,,,,heisenberg,,,Adam,,,556,321945600,float64/complex128,,6,,,,,,0.001104585011017399,,321888256,,0,,,,,350,,,,,1.859298667285182e-05,,,2.1927446000045165
0.00629894437478562,,,,,,,,,,,,cpu,,,False,,-9.968009591176921,,,,,-9.974308535551707,,,,0.9972666039513138,,,,,,,,16,,,,350,c4e0bdaf66c92622,nqs,2.236597968043005e-06,,"Process RSS sampled every 10ms; includes imported dependencies, may miss short peaks",,,,,,heisenberg,,,Adam,,,556,321961984,float64/complex128,,6,,,,,,0.0006315168968690026,,321904640,,1,,,,,350,,,,,3.341740315334122e-06,,,2.324759700044524
0.012700588893723719,,,,,,,,,,,,cpu,,,False,,-9.961607946657983,,,,,-9.974308535551707,,,,0.9953077939661881,,,,,,,,16,,,,350,172f54f8a1611229,nqs,1.800428216246116e-06,,"Process RSS sampled every 10ms; includes imported dependencies, may miss short peaks",,,,,,heisenberg,,,Adam,,,556,321998848,float64/complex128,,6,,,,,,0.001273330261286249,,321937408,,2,,,,,350,,,,,3.885578477397624e-06,,,2.255861299985554
0.006304620489618884,,,,,,,,,,,,cpu,,,False,,-9.968003915062088,,,,,-9.974308535551707,,,,0.9974541921087873,,,,,,,,16,,,,350,bfb3ca3305418ecf,nqs,5.445070491925144e-06,,"Process RSS sampled every 10ms; includes imported dependencies, may miss short peaks",,,,,,heisenberg,,,Adam,,,556,322060288,float64/complex128,,6,,,,,,0.0006320859703855308,,321957888,,3,,,,,350,,,,,5.0833255043282865e-06,,,2.3041686000069603
0.3809272518992568,,,,,,,,,,,,cpu,,,False,,-9.59338128365245,,,,,-9.974308535551707,,,,0.942300401687402,,,,,,,,16,,,,350,0c2daea87b152e40,nqs,1.7998292758424626e-05,,"Process RSS sampled every 10ms; includes imported dependencies, may miss short peaks",,,,,,heisenberg,,,Adam,,,556,322306048,float64/complex128,,6,,,,,,0.0381908430585947,,322236416,,4,,,,,350,,,,,5.182069695739886e-05,,,2.351083700021263
9.594926642364499e-05,,,,,,,,,,,,cpu,,,False,,-7.3624448496015855,,,,,-7.362540798868009,,,,0.9999871612274565,,,,,,,,16,,,,350,997608097959cc6c,nqs,0.0007445690793949043,,"Process RSS sampled every 10ms; includes imported dependencies, may miss short peaks",,,,,,complex,,,Adam,,,556,322338816,float64/complex128,,6,,,,,,1.3032086211107609e-05,,322273280,,0,,,,,350,,,,,0.0002519758773867897,,,2.1823428999632597
6.647682246185838e-05,,,,,,,,,,,,cpu,,,False,,-7.362474322045547,,,,,-7.362540798868009,,,,0.9999924039434112,,,,,,,,16,,,,350,a22b725dc3efcc09,nqs,0.0001976692788272852,,"Process RSS sampled every 10ms; includes imported dependencies, may miss short peaks",,,,,,complex,,,Adam,,,556,322490368,float64/complex128,,6,,,,,,9.029059977783646e-06,,322449408,,1,,,,,350,,,,,8.874381625023631e-05,,,2.22639009996783
5.059584593158917e-05,,,,,,,,,,,,cpu,,,False,,-7.362490203022078,,,,,-7.362540798868009,,,,0.9999939844757252,,,,,,,,16,,,,350,bd57bbbb0bd25795,nqs,0.0002847800064011141,,"Process RSS sampled every 10ms; includes imported dependencies, may miss short peaks",,,,,,complex,,,Adam,,,556,322519040,float64/complex128,,6,,,,,,6.872063233845615e-06,,322469888,,2,,,,,350,,,,,0.00011185799321355994,,,2.211616300046444
6.568544610807692e-05,,,,,,,,,,,,cpu,,,False,,-7.362475113421901,,,,,-7.362540798868009,,,,0.9999924803381489,,,,,,,,16,,,,350,020651aceb5f3172,nqs,0.00026062780315842457,,"Process RSS sampled every 10ms; includes imported dependencies, may miss short peaks",,,,,,complex,,,Adam,,,556,322531328,float64/complex128,,6,,,,,,8.921573122987116e-06,,322482176,,3,,,,,350,,,,,0.00010410713314235043,,,2.2256420999765396
0.00015253310180618485,,,,,,,,,,,,cpu,,,False,,-7.362388265766203,,,,,-7.362540798868009,,,,0.9999815751201154,,,,,,,,16,,,,350,f0724c20154b68ac,nqs,0.0006085615937924879,,"Process RSS sampled every 10ms; includes imported dependencies, may miss short peaks",,,,,,complex,,,Adam,,,556,322551808,float64/complex128,,6,,,,,,2.0717454201358966e-05,,322502656,,4,,,,,350,,,,,0.00022209379137561047,,,2.184878000000026
0.0026811345089354788,,,ry,,,,,,18,,3,,,,,,-7.293548676049821,,,,,-7.296229810558756,,,,0.9995378827099313,1.546312351188073e-08,187,33,,,,,,,,normal,131,336f01cc61929d79,vqe,2.9557674086078123e-09,,"Process RSS sampled every 10ms; includes imported dependencies, may miss short peaks",,,,,,,,,BFGS,Desired error not necessarily achieved due to precision loss.,False,18,412839936,,,6,,,,,,0.00036746848421022435,1,322519040,,0,,,,,,True,,131,,0.0010170439906103113,,locked,10.816555699973833
0.004398953050788634,,,ry,,,,,,18,,3,,,,,,-7.291830857507968,,,,,-7.296229810558756,,,,0.9990573897953136,0.02214840473175105,169,33,,,,,,,,normal,150,fdbf406b6cf9f9d9,vqe,0.0014361019764136396,,"Process RSS sampled every 10ms; includes imported dependencies, may miss short peaks",,,,,,,,,BFGS,Maximum number of iterations has been exceeded.,False,18,412876800,,,6,,,,,,0.0006029076886288146,1,412823552,,1,,,,,,True,,150,,0.0035493879414297824,,locked,7.296536699985154
0.4949035307604106,,,ry,,,,,,18,,3,,,,,,-6.801326279798346,,,,,-7.296229810558756,,,,6.885265121964095e-12,0.0006304065222051814,173,33,,,,,,,,normal,150,2f87e2e62c695afb,vqe,6.354318686785376e-06,,"Process RSS sampled every 10ms; includes imported dependencies, may miss short peaks",,,,,,,,,BFGS,Maximum number of iterations has been exceeded.,False,18,412897280,,,6,,,,,,0.06783003600629599,1,412864512,,2,,,,,,False,,150,,0.25705303027412696,,locked,7.754978300014045
0.0026811345089399197,,,ry,,,,,,18,,3,,,,,,-7.2935486760498165,,,,,-7.296229810558756,,,,0.9995378828460083,9.07024649739854e-08,198,33,,,,,,,,normal,134,979be36649fd5cc5,vqe,2.1554407786394947e-08,,"Process RSS sampled every 10ms; includes imported dependencies, may miss short peaks",,,,,,,,,BFGS,Desired error not necessarily achieved due to precision loss.,False,18,412909568,,,6,,,,,,0.000367468484210833,1,412876800,,3,,,,,,True,,134,,0.0010170415264569854,,locked,11.1677213999792
0.0026811345118407104,,,ry,,,,,,18,,3,,,,,,-7.293548676046916,,,,,-7.296229810558756,,,,0.9995378757200947,2.782497544067011e-06,163,33,,,,,,,,normal,150,7603ae62de5bc422,vqe,2.2264061882992792e-07,,"Process RSS sampled every 10ms; includes imported dependencies, may miss short peaks",,,,,,,,,BFGS,Maximum number of iterations has been exceeded.,False,18,412913664,,,6,,,,,,0.000367468484608407,1,412889088,,4,,,,,,True,,150,,0.001017107257099692,,locked,9.303949900029693
0.48232399068732335,,,ry,,,,,,36,,6,,,,,,-6.813905819871433,,,,,-7.296229810558756,,,,0.00012094667141326764,0.0017455322259493158,159,66,,,,,,,,normal,150,7d2e49c6c7cff010,vqe,0.016960840582267156,,"Process RSS sampled every 10ms; includes imported dependencies, may miss short peaks",,,,,,,,,BFGS,Maximum number of iterations has been exceeded.,False,36,413396992,,,6,,,,,,0.06610592089483353,1,412864512,,0,,,,,,False,,150,,0.24986376024738166,,depth,17.684013199992478
6.65083692101831e-05,,,ry,,,,,,36,,6,,,,,,-7.296163302189546,,,,,-7.296229810558756,,,,0.9999892197905422,0.0009185965492687172,166,66,,,,,,,,normal,150,d954d8a88f36e8dd,vqe,2.154668345716315e-06,,"Process RSS sampled every 10ms; includes imported dependencies, may miss short peaks",,,,,,,,,BFGS,Maximum number of iterations has been exceeded.,False,36,413462528,,,6,,,,,,9.115443309356204e-06,1,413442048,,1,,,,,,True,,150,,5.763281317350266e-05,,depth,18.280624800012447
1.9780153374782117e-05,,,ry,,,,,,36,,6,,,,,,-7.296210030405382,,,,,-7.296229810558756,,,,0.9999976799544467,0.0007326339588623368,161,66,,,,,,,,normal,150,be145b6b0f69f873,vqe,1.1098739491316456e-05,,"Process RSS sampled every 10ms; includes imported dependencies, may miss short peaks",,,,,,,,,BFGS,Maximum number of iterations has been exceeded.,False,36,413462528,,,6,,,,,,2.7110101913398095e-06,1,413442048,,2,,,,,,True,,150,,3.7772474660302535e-06,,depth,17.403062900004443
0.00020991829113548022,,,ry,,,,,,36,,6,,,,,,-7.296019892267621,,,,,-7.296229810558756,,,,0.9999648046795314,0.0014438292750044179,158,66,,,,,,,,normal,150,610dccdf2dc37fdf,vqe,6.668501719264697e-05,,"Process RSS sampled every 10ms; includes imported dependencies, may miss short peaks",,,,,,,,,BFGS,Maximum number of iterations has been exceeded.,False,36,413462528,,,6,,,,,,2.8770789378330226e-05,1,413442048,,3,,,,,,True,,150,,0.00015372128231827542,,depth,14.911090200010221
0.48249080665721067,,,ry,,,,,,36,,6,,,,,,-6.813739003901546,,,,,-7.296229810558756,,,,2.2844620732804363e-10,0.001841153270741267,163,66,,,,,,,,normal,150,eb785371ef275287,vqe,6.092283388803299e-05,,"Process RSS sampled every 10ms; includes imported dependencies, may miss short peaks",,,,,,,,,BFGS,Maximum number of iterations has been exceeded.,False,36,413474816,,,6,,,,,,0.06612878420564179,1,413442048,,4,,,,,,False,,150,,0.24993262258762428,,depth,13.979969100037124
0.4949374130904909,,,ry,,,,,,18,,3,,,,,,-6.8012923974682655,,,,,-7.296229810558756,,,,9.964255557532464e-10,0.00010777077666093268,166,33,,,,,,,,uniform,150,11866dd5a9251e71,vqe,5.522860850126765e-05,,"Process RSS sampled every 10ms; includes imported dependencies, may miss short peaks",,,,,,,,,BFGS,Maximum number of iterations has been exceeded.,False,18,413474816,,,6,,,,,,0.06783467981973937,1,413454336,,0,,,,,,False,,150,,0.25702781159285415,,initialization,7.494532699987758
0.004252754197767494,,,ry,,,,,,18,,3,,,,,,-7.291977056360989,,,,,-7.296229810558756,,,,0.9990045073801168,8.408341919234206e-08,107,33,,,,,,,,uniform,98,1c65af8c7cc19bd2,vqe,7.551375829661922e-05,,"Process RSS sampled every 10ms; includes imported dependencies, may miss short peaks",,,,,,,,,BFGS,Desired error not necessarily achieved due to precision loss.,False,18,413474816,,,6,,,,,,0.0005828700997894983,1,413454336,,1,,,,,,True,,98,,0.0017691386510272356,,initialization,3.8496184999821708
0.49493751406484776,,,ry,,,,,,18,,3,,,,,,-6.801292296493909,,,,,-7.296229810558756,,,,6.927568894030387e-12,2.3331147282172267e-08,192,33,,,,,,,,uniform,113,f33d24e6944fa66e,vqe,4.255450945622741e-06,,"Process RSS sampled every 10ms; includes imported dependencies, may miss short peaks",,,,,,,,,BFGS,Desired error not necessarily achieved due to precision loss.,False,18,413474816,,,6,,,,,,0.06783469365899053,1,413454336,,2,,,,,,False,,113,,0.257029981984932,,initialization,6.3052002000040375
0.004274197626569887,,,ry,,,,,,18,,3,,,,,,-7.2919556129321865,,,,,-7.296229810558756,,,,0.9989900005607362,0.004471212584283412,165,33,,,,,,,,uniform,150,d072493d3408355f,vqe,7.21960805091515e-05,,"Process RSS sampled every 10ms; includes imported dependencies, may miss short peaks",,,,,,,,,BFGS,Maximum number of iterations has been exceeded.,False,18,413474816,,,6,,,,,,0.0005858090736649319,1,413454336,,3,,,,,,True,,150,,0.002161332199908994,,initialization,5.518320799979847
0.004351495581146558,,,ry,,,,,,18,,3,,,,,,-7.29187831497761,,,,,-7.296229810558756,,,,0.9989639119613942,0.0010003414447165397,173,33,,,,,,,,uniform,150,4f022cacfdccf59f,vqe,0.0001049495665465805,,"Process RSS sampled every 10ms; includes imported dependencies, may miss short peaks",,,,,,,,,BFGS,Maximum number of iterations has been exceeded.,False,18,413478912,,,6,,,,,,0.0005964033061087634,1,413454336,,4,,,,,,True,,150,,0.0018015180620348792,,initialization,6.062905300001148
0.0026811345089354788,,,ry,,,,,,18,,3,,,,,,-7.293548676049821,,,,,-7.296229810558756,,,,0.9995378827099313,1.546312351188073e-08,187,33,,,,,,,,normal,131,c003185983a06c1e,vqe,2.9557674086078123e-09,,"Process RSS sampled every 10ms; includes imported dependencies, may miss short peaks",,,,,,,,,BFGS,Desired error not necessarily achieved due to precision loss.,False,18,413478912,,,6,,,,,,0.00036746848421022435,1,413458432,,0,,,,,,True,,131,,0.0010170439906103113,,budget,6.316992099978961
0.002681134508936367,,,ry,,,,,,18,,3,,,,,,-7.29354867604982,,,,,-7.296229810558756,,,,0.9995378826278519,6.309010224595201e-08,263,33,,,,,,,,normal,183,e202c1ad01b98e98,vqe,1.6204487807147672e-08,,"Process RSS sampled every 10ms; includes imported dependencies, may miss short peaks",,,,,,,,,BFGS,Desired error not necessarily achieved due to precision loss.,False,18,413478912,,,6,,,,,,0.0003674684842103461,1,413458432,,1,,,,,,True,,183,,0.001017047121381398,,budget,9.456857400014997
0.49490275454830446,,,ry,,,,,,18,,3,,,,,,-6.801327056010452,,,,,-7.296229810558756,,,,1.1200256914696188e-21,1.684679074805489e-09,192,33,,,,,,,,normal,168,edea99f53c8df65b,vqe,4.773376138800245e-11,,"Process RSS sampled every 10ms; includes imported dependencies, may miss short peaks",,,,,,,,,BFGS,Optimization terminated successfully.,True,18,413478912,,,6,,,,,,0.06782992962092624,1,413458432,,2,,,,,,False,,168,,0.25705570517205945,,budget,7.617948300030548
0.0026811345089399197,,,ry,,,,,,18,,3,,,,,,-7.2935486760498165,,,,,-7.296229810558756,,,,0.9995378828460083,9.07024649739854e-08,198,33,,,,,,,,normal,134,6ff86deb91570c90,vqe,2.1554407786394947e-08,,"Process RSS sampled every 10ms; includes imported dependencies, may miss short peaks",,,,,,,,,BFGS,Desired error not necessarily achieved due to precision loss.,False,18,413474816,,,6,,,,,,0.000367468484210833,1,413458432,,3,,,,,,True,,134,,0.0010170415264569854,,budget,6.908116000005975
0.002681134508936367,,,ry,,,,,,18,,3,,,,,,-7.29354867604982,,,,,-7.296229810558756,,,,0.9995378826614648,1.600122915364343e-08,207,33,,,,,,,,normal,154,e95d9af93cd4214d,vqe,4.0185468841436034e-10,,"Process RSS sampled every 10ms; includes imported dependencies, may miss short peaks",,,,,,,,,BFGS,Desired error not necessarily achieved due to precision loss.,False,18,413478912,,,6,,,,,,0.0003674684842103461,1,413458432,,4,,,,,,True,,154,,0.0010170461967775601,,budget,8.572512300044764
5.7539651868054875e-05,,,tfim,,,,,,24,,4,,,,,,-7.296172270906888,,,,,-7.296229810558756,,,,0.9999882191366851,0.0007371092956055279,160,50,,,,,,,,normal,150,f22292f726bd1800,vqe,1.0269562977782698e-15,,"Process RSS sampled every 10ms; includes imported dependencies, may miss short peaks",,,,,,,,,BFGS,Maximum number of iterations has been exceeded.,False,44,413773824,,,6,,,,,,7.886217041133521e-06,1,413458432,,0,,,,,,True,,150,,9.782641702249517e-05,,problem,8.54079030000139
5.590044761305535e-06,,,tfim,,,,,,24,,4,,,,,,-7.296224220513995,,,,,-7.296229810558756,,,,0.9999989317004805,0.00032702448999034163,158,50,,,,,,,,normal,150,e639a3939711490a,vqe,1.0269562977782698e-15,,"Process RSS sampled every 10ms; includes imported dependencies, may miss short peaks",,,,,,,,,BFGS,Maximum number of iterations has been exceeded.,False,44,413773824,,,6,,,,,,7.66155248182546e-07,1,413753344,,1,,,,,,True,,150,,2.4342340971816867e-06,,problem,10.80693830002565
6.172654167180269e-05,,,tfim,,,,,,24,,4,,,,,,-7.296168084017085,,,,,-7.296229810558756,,,,0.9999874333771548,0.0005353499151369319,160,50,,,,,,,,normal,150,b3e24db114b7b455,vqe,9.957312752106873e-16,,"Process RSS sampled every 10ms; includes imported dependencies, may miss short peaks",,,,,,,,,BFGS,Maximum number of iterations has been exceeded.,False,44,413773824,,,6,,,,,,8.46005995897703e-06,1,413753344,,2,,,,,,True,,150,,7.279174431884528e-05,,problem,9.841340599989053
3.9837297341804856e-05,,,tfim,,,,,,24,,4,,,,,,-7.296189973261415,,,,,-7.296229810558756,,,,0.9999921983725725,4.921138185905245e-05,164,50,,,,,,,,normal,150,ee603bf2b070a8a3,vqe,9.71445146547012e-16,,"Process RSS sampled every 10ms; includes imported dependencies, may miss short peaks",,,,,,,,,BFGS,Maximum number of iterations has been exceeded.,False,44,413773824,,,6,,,,,,5.4599839062297925e-06,1,413753344,,3,,,,,,True,,150,,2.1187295517033355e-05,,problem,10.552888599981088
0.0035919555296457517,,,tfim,,,,,,24,,4,,,,,,-7.292637855029111,,,,,-7.296229810558756,,,,0.9989263524216291,0.01766433125027524,162,50,,,,,,,,normal,150,a421a1ce10129fcf,vqe,1.0130785099704553e-15,,"Process RSS sampled every 10ms; includes imported dependencies, may miss short peaks",,,,,,,,,BFGS,Maximum number of iterations has been exceeded.,False,44,413773824,,,6,,,,,,0.0004923029595980714,1,413753344,,4,,,,,,True,,150,,0.0018833788042638133,,problem,9.963554800022393
0.0026811345089354788,,,ry,,,,,,18,,3,,,,,,-7.293548676049821,,,,,-7.296229810558756,,,,0.9995378827099313,1.546312351188073e-08,187,33,,,,,,,,normal,131,460a8ab5b8ef8b36,vqe,2.9557674086078123e-09,,"Process RSS sampled every 10ms; includes imported dependencies, may miss short peaks",,,,,,,,,BFGS,Desired error not necessarily achieved due to precision loss.,False,18,413773824,,,6,,,,,,0.00036746848421022435,2,413753344,,0,,,,,,True,,281,,0.0010170439906103113,,restart,16.075343700009398
0.002790465867700931,,,ry,,,,,,18,,3,,,,,,-7.2934393446910555,,,,,-7.296229810558756,,,,0.9994687519156941,0.00544230872881149,166,33,,,,,,,,normal,150,316974c4ad613e1d,vqe,0.00017868584892116735,,"Process RSS sampled every 10ms; includes imported dependencies, may miss short peaks",,,,,,,,,BFGS,Maximum number of iterations has been exceeded.,False,18,413773824,,,6,,,,,,0.00038245312170166317,2,413753344,,1,,,,,,True,,300,,0.0008713680243257471,,restart,14.711472900002263
0.0030631030510761548,,,ry,,,,,,18,,3,,,,,,-7.29316670750768,,,,,-7.296229810558756,,,,0.9993584082588308,0.00028225530838810794,171,33,,,,,,,,normal,150,b2aaede1f2af25a9,vqe,3.637980860046741e-05,,"Process RSS sampled every 10ms; includes imported dependencies, may miss short peaks",,,,,,,,,BFGS,Maximum number of iterations has been exceeded.,False,18,413773824,,,6,,,,,,0.00041981997971656237,2,413753344,,2,,,,,,True,,300,,0.0012086132825294138,,restart,14.888518399966415
0.0026811345089399197,,,ry,,,,,,18,,3,,,,,,-7.2935486760498165,,,,,-7.296229810558756,,,,0.9995378828460083,9.07024649739854e-08,198,33,,,,,,,,normal,134,4b7205e18a8a8944,vqe,2.1554407786394947e-08,,"Process RSS sampled every 10ms; includes imported dependencies, may miss short peaks",,,,,,,,,BFGS,Desired error not necessarily achieved due to precision loss.,False,18,413773824,,,6,,,,,,0.000367468484210833,2,413753344,,3,,,,,,True,,249,,0.0010170415264569854,,restart,14.899414999992587
0.0026811345118407104,,,ry,,,,,,18,,3,,,,,,-7.293548676046916,,,,,-7.296229810558756,,,,0.9995378757200947,2.782497544067011e-06,163,33,,,,,,,,normal,150,042b9fb15ab465f2,vqe,2.2264061882992792e-07,,"Process RSS sampled every 10ms; includes imported dependencies, may miss short peaks",,,,,,,,,BFGS,Maximum number of iterations has been exceeded.,False,18,413773824,,,6,,,,,,0.000367468484608407,2,413753344,,4,,,,,,True,,228,,0.001017107257099692,,restart,13.480769799964037
0.003365537745694702,,,ry,,,,,,18,,3,,,,,,-7.292864272813062,,,,,-7.296229810558756,,,,0.9992635451208416,0.0002252323894669633,132,33,,,,,,,,normal,104,60d29d83560500bd,vqe,6.491357399329711e-06,,"Process RSS sampled every 10ms; includes imported dependencies, may miss short peaks",,,,,,,,,L-BFGS-B,CONVERGENCE: RELATIVE REDUCTION OF F <= FACTR*EPSMCH,True,18,413917184,,,6,,,,,,0.00046127079780632134,1,413753344,,0,,,,,,True,,104,,0.001476081725569789,,optimizer,5.361320700030774
0.004371689973551973,,,ry,,,,,,18,,3,,,,,,-7.291858120585204,,,,,-7.296229810558756,,,,0.9990112911620032,0.01076894565829062,179,33,,,,,,,,normal,150,031e636e2bbc6b09,vqe,1.3199735127145118e-06,,"Process RSS sampled every 10ms; includes imported dependencies, may miss short peaks",,,,,,,,,L-BFGS-B,STOP: TOTAL NO. OF ITERATIONS REACHED LIMIT,False,18,413917184,,,6,,,,,,0.0005991710906947409,1,413896704,,1,,,,,,True,,150,,0.0013347091975881575,,optimizer,6.952318200026639
0.494924737139832,,,ry,,,,,,18,,3,,,,,,-6.801305073418924,,,,,-7.296229810558756,,,,5.335786438761277e-11,8.378988364813269e-05,106,33,,,,,,,,normal,88,f4e8f2585309c84d,vqe,1.5143344206158815e-05,,"Process RSS sampled every 10ms; includes imported dependencies, may miss short peaks",,,,,,,,,L-BFGS-B,CONVERGENCE: RELATIVE REDUCTION OF F <= FACTR*EPSMCH,True,18,413917184,,,6,,,,,,0.06783294249087392,1,413896704,,2,,,,,,False,,88,,0.2570376487520949,,optimizer,4.46259840001585
0.0026812001251288464,,,ry,,,,,,18,,3,,,,,,-7.293548610433628,,,,,-7.296229810558756,,,,0.9995396416449355,0.00012343787733689888,162,33,,,,,,,,normal,144,0fec69e24fd1e088,vqe,4.351737776281395e-05,,"Process RSS sampled every 10ms; includes imported dependencies, may miss short peaks",,,,,,,,,L-BFGS-B,CONVERGENCE: RELATIVE REDUCTION OF F <= FACTR*EPSMCH,True,18,413917184,,,6,,,,,,0.00036747747737451216,1,413896704,,3,,,,,,True,,144,,0.0010024572866862425,,optimizer,6.661573200020939
0.00275095549037907,,,ry,,,,,,18,,3,,,,,,-7.293478855068377,,,,,-7.296229810558756,,,,0.9995650866247744,0.0065974164562231825,180,33,,,,,,,,normal,150,ce3ae8ba6f1b020e,vqe,0.0025749590826947832,,"Process RSS sampled every 10ms; includes imported dependencies, may miss short peaks",,,,,,,,,L-BFGS-B,STOP: TOTAL NO. OF ITERATIONS REACHED LIMIT,False,18,413917184,,,6,,,,,,0.00037703794450087333,1,413896704,,4,,,,,,True,,150,,0.0003249116576284905,,optimizer,7.507291999994777
0.44380643267437314,,,ry,,,,,,21,,3,,,,,,-8.122965800831253,,,,,-8.566772233505626,,,,1.6388900317464912e-17,5.8562487761148616e-09,75,39,,,,,,,,normal,67,23f33c21cb0f68a7,vqe,7.183365458018898e-09,,"Process RSS sampled every 10ms; includes imported dependencies, may miss short peaks",,,,,,,,,BFGS,Desired error not necessarily achieved due to precision loss.,False,21,415465472,,,7,,,,,,0.05180555996791831,1,413896704,,0,,,,,,False,,67,,0.2204667487863573,,locked,3.690082599991001
0.4438064326743767,,,ry,,,,,,21,,3,,,,,,-8.122965800831249,,,,,-8.566772233505626,,,,3.243703277268352e-17,2.3285999410268154e-08,109,39,,,,,,,,normal,70,0917731715c820a5,vqe,1.0519647375417662e-08,,"Process RSS sampled every 10ms; includes imported dependencies, may miss short peaks",,,,,,,,,BFGS,Desired error not necessarily achieved due to precision loss.,False,21,415465472,,,7,,,,,,0.05180555996791872,1,415444992,,1,,,,,,False,,70,,0.22046674857207127,,locked,4.973304900049698
0.006803191660496921,,,ry,,,,,,21,,3,,,,,,-8.559969041845129,,,,,-8.566772233505626,,,,0.9980942214390354,0.000573079860309052,163,39,,,,,,,,normal,150,1165ea0236c157e5,vqe,2.041723681284191e-05,,"Process RSS sampled every 10ms; includes imported dependencies, may miss short peaks",,,,,,,,,BFGS,Maximum number of iterations has been exceeded.,False,21,415461376,,,7,,,,,,0.0007941371003058609,1,415444992,,2,,,,,,True,,150,,0.002864197678673741,,locked,8.848535800003447
0.4438064326743767,,,ry,,,,,,21,,3,,,,,,-8.122965800831249,,,,,-8.566772233505626,,,,2.1993928946186227e-18,7.023360513142359e-09,88,39,,,,,,,,normal,73,772fe9eab9415db4,vqe,2.745537075465876e-09,,"Process RSS sampled every 10ms; includes imported dependencies, may miss short peaks",,,,,,,,,BFGS,Desired error not necessarily achieved due to precision loss.,False,21,415526912,,,7,,,,,,0.05180555996791872,1,415444992,,3,,,,,,False,,73,,0.22046674838141556,,locked,4.823015599977225
0.4438064326743767,,,ry,,,,,,21,,3,,,,,,-8.122965800831249,,,,,-8.566772233505626,,,,3.6317187733931727e-17,4.219869733309337e-09,155,39,,,,,,,,normal,80,4076cbf19dfc4f22,vqe,1.0889069756991887e-08,,"Process RSS sampled every 10ms; includes imported dependencies, may miss short peaks",,,,,,,,,BFGS,Desired error not necessarily achieved due to precision loss.,False,21,415526912,,,7,,,,,,0.05180555996791872,1,415506432,,4,,,,,,False,,80,,0.22046674865136873,,locked,8.191957800008822
0.0012719227980380055,,,ry,,,,,,42,,6,,,,,,-8.565500310707588,,,,,-8.566772233505626,,,,0.9997015268210836,0.009964168272781095,160,78,,,,,,,,normal,150,b703181af5098cfa,vqe,0.00010431009905786937,,"Process RSS sampled every 10ms; includes imported dependencies, may miss short peaks",,,,,,,,,BFGS,Maximum number of iterations has been exceeded.,False,42,416014336,,,7,,,,,,0.00014847164875743632,1,415506432,,0,,,,,,True,,150,,0.0008505789376546113,,depth,19.954780700034462
0.00024041231344718028,,,ry,,,,,,42,,6,,,,,,-8.566531821192179,,,,,-8.566772233505626,,,,0.9999556760263905,0.0007078782753273513,169,78,,,,,,,,normal,150,944f2a6f063c9efd,vqe,9.87361854598301e-05,,"Process RSS sampled every 10ms; includes imported dependencies, may miss short peaks",,,,,,,,,BFGS,Maximum number of iterations has been exceeded.,False,42,416002048,,,7,,,,,,2.8063348352708647e-05,1,415965184,,1,,,,,,True,,150,,0.00011542094769323441,,depth,19.88250429998152
0.000593848559349297,,,ry,,,,,,42,,6,,,,,,-8.566178384946276,,,,,-8.566772233505626,,,,0.9998851866718385,0.003396027358695377,158,78,,,,,,,,normal,150,2b6da67fd730f61d,vqe,0.0005697136744616527,,"Process RSS sampled every 10ms; includes imported dependencies, may miss short peaks",,,,,,,,,BFGS,Maximum number of iterations has been exceeded.,False,42,416006144,,,7,,,,,,6.9319989275154e-05,1,415981568,,2,,,,,,True,,150,,0.0005645657635778845,,depth,17.86205770005472
0.41872334256532895,,,ry,,,,,,42,,6,,,,,,-8.148048890940297,,,,,-8.566772233505626,,,,6.129340307800047e-11,0.0016914545360775899,157,78,,,,,,,,normal,150,e8ebccd030e24fda,vqe,5.373533739305714e-06,,"Process RSS sampled every 10ms; includes imported dependencies, may miss short peaks",,,,,,,,,BFGS,Maximum number of iterations has been exceeded.,False,42,416010240,,,7,,,,,,0.0488776088767312,1,415985664,,3,,,,,,False,,150,,0.21011908053963635,,depth,17.7329268999747
0.0004001264321598086,,,ry,,,,,,42,,6,,,,,,-8.566372107073466,,,,,-8.566772233505626,,,,0.9999418015490302,0.0044284294328695226,163,78,,,,,,,,normal,150,7e78978c684856fc,vqe,6.1671448207401e-06,,"Process RSS sampled every 10ms; includes imported dependencies, may miss short peaks",,,,,,,,,BFGS,Maximum number of iterations has been exceeded.,False,42,416083968,,,7,,,,,,4.6706790055053446e-05,1,415989760,,4,,,,,,True,,150,,0.0001682246784375785,,depth,18.73849540000083
0.008756121937587125,,,ry,,,,,,21,,3,,,,,,-8.558016111568039,,,,,-8.566772233505626,,,,0.9971232381295405,3.9156580948958825e-06,174,39,,,,,,,,uniform,150,2ad8d39dc624edf2,vqe,1.3925382993218438e-05,,"Process RSS sampled every 10ms; includes imported dependencies, may miss short peaks",,,,,,,,,BFGS,Maximum number of iterations has been exceeded.,False,21,416083968,,,7,,,,,,0.0010221028059250754,1,416063488,,0,,,,,,True,,150,,0.004129259186424372,,initialization,10.030277499987278
0.44116695107367043,,,ry,,,,,,21,,3,,,,,,-8.125605282431955,,,,,-8.566772233505626,,,,2.669464484236581e-07,0.010248871362244175,164,39,,,,,,,,uniform,150,c4e547734b9bb5da,vqe,0.0012908113386345121,,"Process RSS sampled every 10ms; includes imported dependencies, may miss short peaks",,,,,,,,,BFGS,Maximum number of iterations has been exceeded.,False,21,416083968,,,7,,,,,,0.05149745307202356,1,416063488,,1,,,,,,False,,150,,0.22161473844298907,,initialization,9.50029260001611
0.440872916843988,,,ry,,,,,,21,,3,,,,,,-8.125899316661638,,,,,-8.566772233505626,,,,2.2521974848729003e-20,5.3859053591049347e-08,130,39,,,,,,,,uniform,78,6d05c7975f34260d,vqe,6.2338773032522e-10,,"Process RSS sampled every 10ms; includes imported dependencies, may miss short peaks",,,,,,,,,BFGS,Desired error not necessarily achieved due to precision loss.,False,21,416186368,,,7,,,,,,0.051463130433150026,1,416063488,,2,,,,,,False,,78,,0.2214712135144633,,initialization,8.580723599996418
0.007171169658807486,,,ry,,,,,,21,,3,,,,,,-8.559601063846818,,,,,-8.566772233505626,,,,0.9979081814123766,0.00664532319463647,170,39,,,,,,,,uniform,150,394f8a72dfe1f169,vqe,0.0038664171051741303,,"Process RSS sampled every 10ms; includes imported dependencies, may miss short peaks",,,,,,,,,BFGS,Maximum number of iterations has been exceeded.,False,21,416186368,,,7,,,,,,0.0008370912011364352,1,416165888,,3,,,,,,True,,150,,0.0029298122922059022,,initialization,11.332028399978299
0.008746366321384258,,,ry,,,,,,21,,3,,,,,,-8.558025867184242,,,,,-8.566772233505626,,,,0.9971430614433614,0.0015120172178425505,165,39,,,,,,,,uniform,150,14f8808e59ad2420,vqe,4.9158781398994655e-05,,"Process RSS sampled every 10ms; includes imported dependencies, may miss short peaks",,,,,,,,,BFGS,Maximum number of iterations has been exceeded.,False,21,416186368,,,7,,,,,,0.0010209640320745566,1,416165888,,4,,,,,,True,,150,,0.004039309517812062,,initialization,9.973072300024796
0.44380643267437314,,,ry,,,,,,21,,3,,,,,,-8.122965800831253,,,,,-8.566772233505626,,,,1.6388900317464912e-17,5.8562487761148616e-09,75,39,,,,,,,,normal,67,265a73af802106eb,vqe,7.183365458018898e-09,,"Process RSS sampled every 10ms; includes imported dependencies, may miss short peaks",,,,,,,,,BFGS,Desired error not necessarily achieved due to precision loss.,False,21,416186368,,,7,,,,,,0.05180555996791831,1,416165888,,0,,,,,,False,,67,,0.2204667487863573,,budget,4.44518550002249
0.4438064326743767,,,ry,,,,,,21,,3,,,,,,-8.122965800831249,,,,,-8.566772233505626,,,,3.243703277268352e-17,2.3285999410268154e-08,109,39,,,,,,,,normal,70,eea3cf622f30eda2,vqe,1.0519647375417662e-08,,"Process RSS sampled every 10ms; includes imported dependencies, may miss short peaks",,,,,,,,,BFGS,Desired error not necessarily achieved due to precision loss.,False,21,416186368,,,7,,,,,,0.05180555996791872,1,416165888,,1,,,,,,False,,70,,0.22046674857207127,,budget,5.913326899986714
0.006792020320647296,,,ry,,,,,,21,,3,,,,,,-8.559980213184978,,,,,-8.566772233505626,,,,0.9980987272592642,0.00018972160971685527,332,39,,,,,,,,normal,300,67d2ed087e927a0e,vqe,2.0798625454010455e-05,,"Process RSS sampled every 10ms; includes imported dependencies, may miss short peaks",,,,,,,,,BFGS,Maximum number of iterations has been exceeded.,False,21,416186368,,,7,,,,,,0.0007928330689221465,1,416165888,,2,,,,,,True,,300,,0.0028504638318345155,,budget,18.32663709996268
0.4438064326743767,,,ry,,,,,,21,,3,,,,,,-8.122965800831249,,,,,-8.566772233505626,,,,2.1993928946186227e-18,7.023360513142359e-09,88,39,,,,,,,,normal,73,968a95b7f8ed12ae,vqe,2.745537075465876e-09,,"Process RSS sampled every 10ms; includes imported dependencies, may miss short peaks",,,,,,,,,BFGS,Desired error not necessarily achieved due to precision loss.,False,21,416182272,,,7,,,,,,0.05180555996791872,1,416165888,,3,,,,,,False,,73,,0.22046674838141556,,budget,4.755405300005805
0.4438064326743767,,,ry,,,,,,21,,3,,,,,,-8.122965800831249,,,,,-8.566772233505626,,,,3.6317187733931727e-17,4.219869733309337e-09,155,39,,,,,,,,normal,80,217115ce9710633d,vqe,1.0889069756991887e-08,,"Process RSS sampled every 10ms; includes imported dependencies, may miss short peaks",,,,,,,,,BFGS,Desired error not necessarily achieved due to precision loss.,False,21,416186368,,,7,,,,,,0.05180555996791872,1,416165888,,4,,,,,,False,,80,,0.22046674865136873,,budget,8.436710600042716
0.00101966409993004,,,tfim,,,,,,28,,4,,,,,,-8.565752569405696,,,,,-8.566772233505626,,,,0.999725244177153,0.0075198489966822706,157,59,,,,,,,,normal,150,e977a552f72cfd61,vqe,3.896926184521199e-14,,"Process RSS sampled every 10ms; includes imported dependencies, may miss short peaks",,,,,,,,,BFGS,Maximum number of iterations has been exceeded.,False,52,416198656,,,7,,,,,,0.00011902547098684579,1,416165888,,0,,,,,,True,,150,,0.0010059613151817137,,problem,12.270191800023895
7.55758535930795e-05,,,tfim,,,,,,28,,4,,,,,,-8.566696657652033,,,,,-8.566772233505626,,,,0.9999834018046647,0.0009267138994592653,158,59,,,,,,,,normal,150,ff69005e38ca645b,vqe,3.902433931557425e-14,,"Process RSS sampled every 10ms; includes imported dependencies, may miss short peaks",,,,,,,,,BFGS,Maximum number of iterations has been exceeded.,False,52,416165888,,,7,,,,,,8.821975364010928e-06,1,416145408,,1,,,,,,True,,150,,1.1951552867373039e-06,,problem,11.84781089995522
0.00014627049855420182,,,tfim,,,,,,28,,4,,,,,,-8.566625963007072,,,,,-8.566772233505626,,,,0.9999659661148059,0.004538867376680894,162,59,,,,,,,,normal,150,f6c29282ff2a5539,vqe,3.900352263386253e-14,,"Process RSS sampled every 10ms; includes imported dependencies, may miss short peaks",,,,,,,,,BFGS,Maximum number of iterations has been exceeded.,False,52,416165888,,,7,,,,,,1.7074166858565606e-05,1,416145408,,2,,,,,,True,,150,,0.00013611966594806457,,problem,12.1255366000114
0.0001670297422116107,,,tfim,,,,,,28,,4,,,,,,-8.566605203763414,,,,,-8.566772233505626,,,,0.9999617963651697,0.002886258293962137,160,59,,,,,,,,normal,150,a7ed94f85acd9847,vqe,3.8968828164342995e-14,,"Process RSS sampled every 10ms; includes imported dependencies, may miss short peaks",,,,,,,,,BFGS,Maximum number of iterations has been exceeded.,False,52,416161792,,,7,,,,,,1.9497395011663586e-05,1,416145408,,3,,,,,,True,,150,,0.00023913925059759755,,problem,13.52631129999645
3.986567632097149e-05,,,tfim,,,,,,28,,4,,,,,,-8.566732367829305,,,,,-8.566772233505626,,,,0.9999921553539982,0.0007922430450672541,166,59,,,,,,,,normal,150,1d74b2306afba9a3,vqe,3.898270595215081e-14,,"Process RSS sampled every 10ms; includes imported dependencies, may miss short peaks",,,,,,,,,BFGS,Maximum number of iterations has been exceeded.,False,52,416165888,,,7,,,,,,4.653523548233519e-06,1,416145408,,4,,,,,,True,,150,,2.822157241555434e-05,,problem,12.946085400006268
0.00586497272660047,,,ry,,,,,,21,,3,,,,,,-8.560907260779025,,,,,-8.566772233505626,,,,0.9986461032283305,4.638660297974546e-05,166,39,,,,,,,,normal,150,b82a0c92aae32ad3,vqe,5.395994071011323e-07,,"Process RSS sampled every 10ms; includes imported dependencies, may miss short peaks",,,,,,,,,BFGS,Maximum number of iterations has been exceeded.,False,21,416165888,,,7,,,,,,0.0006846187299881618,2,416145408,,0,,,,,,True,,217,,0.002238076285348556,,restart,12.84302829997614
0.008619833743081173,,,ry,,,,,,21,,3,,,,,,-8.558152399762545,,,,,-8.566772233505626,,,,0.9970298517784386,0.019842000500406087,170,39,,,,,,,,normal,150,ba22822d3052b72e,vqe,0.0010601136368011688,,"Process RSS sampled every 10ms; includes imported dependencies, may miss short peaks",,,,,,,,,BFGS,Maximum number of iterations has been exceeded.,False,21,416165888,,,7,,,,,,0.0010061938742071392,2,416145408,,1,,,,,,True,,220,,0.0057443451802018375,,restart,14.381450999993831
0.006759739656544639,,,ry,,,,,,21,,3,,,,,,-8.560012493849081,,,,,-8.566772233505626,,,,0.9981181438179562,0.0005622833642726037,165,39,,,,,,,,normal,150,078cd4d05b88e15d,vqe,3.5095070747503954e-05,,"Process RSS sampled every 10ms; includes imported dependencies, may miss short peaks",,,,,,,,,BFGS,Maximum number of iterations has been exceeded.,False,21,416231424,,,7,,,,,,0.0007890649444497338,2,416145408,,2,,,,,,True,,300,,0.002822784508746956,,restart,18.96291410003323
0.008393472750354292,,,ry,,,,,,21,,3,,,,,,-8.558378760755271,,,,,-8.566772233505626,,,,0.9974654662445639,0.04247956197542934,170,39,,,,,,,,normal,150,08977bbbf38c474a,vqe,0.0013518008188775077,,"Process RSS sampled every 10ms; includes imported dependencies, may miss short peaks",,,,,,,,,BFGS,Maximum number of iterations has been exceeded.,False,21,416235520,,,7,,,,,,0.0009797707376328344,2,416210944,,3,,,,,,True,,223,,0.000987896232610419,,restart,14.450117199972738
0.4438064326743767,,,ry,,,,,,21,,3,,,,,,-8.122965800831249,,,,,-8.566772233505626,,,,3.6317187733931727e-17,4.219869733309337e-09,155,39,,,,,,,,normal,80,7383d290d554786e,vqe,1.0889069756991887e-08,,"Process RSS sampled every 10ms; includes imported dependencies, may miss short peaks",,,,,,,,,BFGS,Desired error not necessarily achieved due to precision loss.,False,21,416235520,,,7,,,,,,0.05180555996791872,2,416215040,,4,,,,,,False,,155,,0.22046674865136873,,restart,14.305966300016735
0.4438065322934204,,,ry,,,,,,21,,3,,,,,,-8.122965701212205,,,,,-8.566772233505626,,,,5.2310828997850744e-11,0.00013578532130408685,68,39,,,,,,,,normal,62,58ead2a4b49faa56,vqe,1.628909140949375e-05,,"Process RSS sampled every 10ms; includes imported dependencies, may miss short peaks",,,,,,,,,L-BFGS-B,CONVERGENCE: RELATIVE REDUCTION OF F <= FACTR*EPSMCH,True,21,416235520,,,7,,,,,,0.051805571596457566,1,416215040,,0,,,,,,False,,62,,0.22045998906411568,,optimizer,4.120121999992989
0.44380646726408735,,,ry,,,,,,21,,3,,,,,,-8.122965766241538,,,,,-8.566772233505626,,,,1.7065943959480105e-08,0.00012049080725636427,110,39,,,,,,,,normal,99,903a83a02c918da1,vqe,0.00023720670961868695,,"Process RSS sampled every 10ms; includes imported dependencies, may miss short peaks",,,,,,,,,L-BFGS-B,CONVERGENCE: RELATIVE REDUCTION OF F <= FACTR*EPSMCH,True,21,416215040,,,7,,,,,,0.051805564005578376,1,416194560,,1,,,,,,False,,99,,0.2204626419073964,,optimizer,6.818725100019947
0.0068513608762348355,,,ry,,,,,,21,,3,,,,,,-8.559920872629391,,,,,-8.566772233505626,,,,0.998077804327564,0.003740903440582753,171,39,,,,,,,,normal,150,88a719043a4e3cbb,vqe,0.0004684459417499398,,"Process RSS sampled every 10ms; includes imported dependencies, may miss short peaks",,,,,,,,,L-BFGS-B,STOP: TOTAL NO. OF ITERATIONS REACHED LIMIT,False,21,416215040,,,7,,,,,,0.0007997598966666092,1,416194560,,2,,,,,,True,,150,,0.0028059507631399416,,optimizer,9.955547599995043
0.4438064614600421,,,ry,,,,,,21,,3,,,,,,-8.122965772045584,,,,,-8.566772233505626,,,,7.670327233327443e-08,0.00010152703149292228,95,39,,,,,,,,normal,83,246c45f08f6f6b0a,vqe,0.0004984200591655052,,"Process RSS sampled every 10ms; includes imported dependencies, may miss short peaks",,,,,,,,,L-BFGS-B,CONVERGENCE: RELATIVE REDUCTION OF F <= FACTR*EPSMCH,True,21,416215040,,,7,,,,,,0.05180556332807172,1,416194560,,3,,,,,,False,,83,,0.2204713862870421,,optimizer,5.327247200009879
0.44107828376840175,,,ry,,,,,,21,,3,,,,,,-8.125693949737224,,,,,-8.566772233505626,,,,2.918038891056e-07,0.0010600982468962406,168,39,,,,,,,,normal,150,6b2959e0b6cd96d9,vqe,0.0010708849220950611,,"Process RSS sampled every 10ms; includes imported dependencies, may miss short peaks",,,,,,,,,L-BFGS-B,STOP: TOTAL NO. OF ITERATIONS REACHED LIMIT,False,21,416215040,,,7,,,,,,0.05148710293047061,1,416194560,,4,,,,,,False,,150,,0.2215579055203234,,optimizer,9.055244699993636
0.011820831795938957,,,ry,,,,,,24,,3,,,,,,-9.826130615663484,,,,,-9.837951447459423,,,,0.9961560610233248,1.197224811068778e-08,189,45,,,,,,,,normal,123,5d4c7c2714b70f1c,vqe,1.1652241393989016e-09,,"Process RSS sampled every 10ms; includes imported dependencies, may miss short peaks",,,,,,,,,BFGS,Desired error not necessarily achieved due to precision loss.,False,24,422117376,,,8,,,,,,0.0012015541913445403,1,416194560,,0,,,,,,True,,123,,0.005024882679928733,,locked,12.084516600007191
0.4048433153892024,,,ry,,,,,,24,,3,,,,,,-9.43310813207022,,,,,-9.837951447459423,,,,3.4584775751843055e-17,3.074767516268937e-08,120,45,,,,,,,,normal,78,c5a797b908c6cb7e,vqe,1.0890590540491019e-08,,"Process RSS sampled every 10ms; includes imported dependencies, may miss short peaks",,,,,,,,,BFGS,Desired error not necessarily achieved due to precision loss.,False,24,423170048,,,8,,,,,,0.04115118046183793,1,419991552,,1,,,,,,False,,78,,0.19443028299202259,,locked,7.076161699951626
0.4012468625286356,,,ry,,,,,,24,,3,,,,,,-9.436704584930787,,,,,-9.837951447459423,,,,1.075968611751859e-10,0.0001347241985812309,166,45,,,,,,,,normal,150,7e35235ca37fe9f9,vqe,1.8539652925364525e-05,,"Process RSS sampled every 10ms; includes imported dependencies, may miss short peaks",,,,,,,,,BFGS,Maximum number of iterations has been exceeded.,False,24,423088128,,,8,,,,,,0.04078561117845877,1,419991552,,2,,,,,,False,,150,,0.19529015740271594,,locked,10.912705500028096
0.011820831795938957,,,ry,,,,,,24,,3,,,,,,-9.826130615663484,,,,,-9.837951447459423,,,,0.9961560613054712,3.4234530513254675e-08,179,45,,,,,,,,normal,120,221650924b2e9588,vqe,3.3688005718346403e-09,,"Process RSS sampled every 10ms; includes imported dependencies, may miss short peaks",,,,,,,,,BFGS,Desired error not necessarily achieved due to precision loss.,False,24,423170048,,,8,,,,,,0.0012015541913445403,1,419991552,,3,,,,,,True,,120,,0.00502488170312021,,locked,11.94200360000832
0.4048433153892095,,,ry,,,,,,24,,3,,,,,,-9.433108132070213,,,,,-9.837951447459423,,,,3.638957679921194e-21,4.835899284383767e-09,225,45,,,,,,,,normal,107,c2d70e53b3de9d82,vqe,6.798078766578897e-11,,"Process RSS sampled every 10ms; includes imported dependencies, may miss short peaks",,,,,,,,,BFGS,Desired error not necessarily achieved due to precision loss.,False,24,423170048,,,8,,,,,,0.04115118046183865,1,419991552,,4,,,,,,False,,107,,0.19443028339517587,,locked,14.064441199996509
0.0021358200849910247,,,ry,,,,,,48,,6,,,,,,-9.835815627374432,,,,,-9.837951447459423,,,,0.9993855331523617,0.0007417263703631722,161,90,,,,,,,,normal,150,0108871bc7e3d40e,vqe,1.0180576312662781e-05,,"Process RSS sampled every 10ms; includes imported dependencies, may miss short peaks",,,,,,,,,BFGS,Maximum number of iterations has been exceeded.,False,48,423604224,,,8,,,,,,0.0002171000839349115,1,419991552,,0,,,,,,True,,150,,0.001319098312500211,,depth,22.683530499984045
0.37958816797362793,,,ry,,,,,,48,,6,,,,,,-9.458363279485795,,,,,-9.837951447459423,,,,4.036376514931744e-10,0.005199898041747671,163,90,,,,,,,,normal,150,3e56876a81b4caed,vqe,2.5442190968782974e-05,,"Process RSS sampled every 10ms; includes imported dependencies, may miss short peaks",,,,,,,,,BFGS,Maximum number of iterations has been exceeded.,False,48,423665664,,,8,,,,,,0.03858406600203884,1,421044224,,1,,,,,,False,,150,,0.18443411865698822,,depth,22.765339499979746
0.0023178090331459344,,,ry,,,,,,48,,6,,,,,,-9.835633638426277,,,,,-9.837951447459423,,,,0.9992509209356988,0.0013106220077964308,158,90,,,,,,,,normal,150,fdd349684fd682d3,vqe,3.7628553108126628e-06,,"Process RSS sampled every 10ms; includes imported dependencies, may miss short peaks",,,,,,,,,BFGS,Maximum number of iterations has been exceeded.,False,48,422948864,,,8,,,,,,0.00023559874690624654,1,421027840,,2,,,,,,True,,150,,0.001661333017758615,,depth,18.941296199976932
0.38646353721362026,,,ry,,,,,,48,,6,,,,,,-9.451487910245802,,,,,-9.837951447459423,,,,3.724788014817118e-09,0.01069145778027671,162,90,,,,,,,,normal,150,384faa48c18ee487,vqe,0.00022553489739157717,,"Process RSS sampled every 10ms; includes imported dependencies, may miss short peaks",,,,,,,,,BFGS,Maximum number of iterations has been exceeded.,False,48,424206336,,,8,,,,,,0.03928292788163958,1,421027840,,3,,,,,,False,,150,,0.18655959930030908,,depth,20.53186230000574
0.0026480276409674985,,,ry,,,,,,48,,6,,,,,,-9.835303419818455,,,,,-9.837951447459423,,,,0.9991454924940311,0.002382177878388621,161,90,,,,,,,,normal,150,22d2fe29e21bf73b,vqe,7.150850150960952e-06,,"Process RSS sampled every 10ms; includes imported dependencies, may miss short peaks",,,,,,,,,BFGS,Maximum number of iterations has been exceeded.,False,48,422100992,,,8,,,,,,0.00026916453644943854,1,421027840,,4,,,,,,True,,150,,0.0017618654458013694,,depth,20.842646200035233
0.010174005361486493,,,ry,,,,,,24,,3,,,,,,-9.827777442097936,,,,,-9.837951447459423,,,,0.9969454662585219,2.7366064648480542e-08,186,45,,,,,,,,uniform,93,ad0d8652c47d65f3,vqe,1.2436217056155385e-09,,"Process RSS sampled every 10ms; includes imported dependencies, may miss short peaks",,,,,,,,,BFGS,Desired error not necessarily achieved due to precision loss.,False,24,423153664,,,8,,,,,,0.0010341589319505997,1,421027840,,0,,,,,,True,,93,,0.004011584421669823,,initialization,11.365424800023902
0.4010650933425701,,,ry,,,,,,24,,3,,,,,,-9.436886354116853,,,,,-9.837951447459423,,,,3.5795909528820195e-19,2.574727022873778e-08,261,45,,,,,,,,uniform,149,f9891d09044ad5b8,vqe,3.578136342774485e-09,,"Process RSS sampled every 10ms; includes imported dependencies, may miss short peaks",,,,,,,,,BFGS,Desired error not necessarily achieved due to precision loss.,False,24,424202240,,,8,,,,,,0.040767134853683606,1,421027840,,1,,,,,,False,,149,,0.19528858851203945,,initialization,15.71387139998842
0.012721464060417631,,,ry,,,,,,24,,3,,,,,,-9.825229983399005,,,,,-9.837951447459423,,,,0.9955839466013463,0.0015905541801937053,169,45,,,,,,,,uniform,150,5d4ad79b4bad3a03,vqe,0.0011730067909243302,,"Process RSS sampled every 10ms; includes imported dependencies, may miss short peaks",,,,,,,,,BFGS,Maximum number of iterations has been exceeded.,False,24,424202240,,,8,,,,,,0.00129310091926738,1,421027840,,2,,,,,,True,,150,,0.005841832187937435,,initialization,11.369459899957292
0.38417395504559515,,,ry,,,,,,24,,3,,,,,,-9.453777492413828,,,,,-9.837951447459423,,,,0.20920434674980046,0.3619901763520256,173,45,,,,,,,,uniform,150,6a93e14164f6b923,vqe,0.5980210895949275,,"Process RSS sampled every 10ms; includes imported dependencies, may miss short peaks",,,,,,,,,BFGS,Maximum number of iterations has been exceeded.,False,24,423153664,,,8,,,,,,0.039050198315911104,1,421027840,,3,,,,,,False,,150,,0.15061770203681668,,initialization,12.32902780000586
0.40106509341956276,,,ry,,,,,,24,,3,,,,,,-9.43688635403986,,,,,-9.837951447459423,,,,7.77780308945939e-12,1.2742557912879247e-05,170,45,,,,,,,,uniform,150,a805cccdb330b1fe,vqe,4.629024467572851e-06,,"Process RSS sampled every 10ms; includes imported dependencies, may miss short peaks",,,,,,,,,BFGS,Maximum number of iterations has been exceeded.,False,24,424206336,,,8,,,,,,0.04076713486150969,1,421027840,,4,,,,,,False,,150,,0.19528820256654122,,initialization,11.544185200007632
0.011820831795938957,,,ry,,,,,,24,,3,,,,,,-9.826130615663484,,,,,-9.837951447459423,,,,0.9961560610233248,1.197224811068778e-08,189,45,,,,,,,,normal,123,8036684653698646,vqe,1.1652241393989016e-09,,"Process RSS sampled every 10ms; includes imported dependencies, may miss short peaks",,,,,,,,,BFGS,Desired error not necessarily achieved due to precision loss.,False,24,422494208,,,8,,,,,,0.0012015541913445403,1,421027840,,0,,,,,,True,,123,,0.005024882679928733,,budget,11.487628099974245
0.4048433153892024,,,ry,,,,,,24,,3,,,,,,-9.43310813207022,,,,,-9.837951447459423,,,,3.4584775751843055e-17,3.074767516268937e-08,120,45,,,,,,,,normal,78,2997fe1205dc7812,vqe,1.0890590540491019e-08,,"Process RSS sampled every 10ms; includes imported dependencies, may miss short peaks",,,,,,,,,BFGS,Desired error not necessarily achieved due to precision loss.,False,24,423153664,,,8,,,,,,0.04115118046183793,1,421027840,,1,,,,,,False,,78,,0.19443028299202259,,budget,7.21895469998708
0.4012121602812133,,,ry,,,,,,24,,3,,,,,,-9.43673928717821,,,,,-9.837951447459423,,,,3.6723394382341525e-13,0.00030641170760186824,344,45,,,,,,,,normal,300,f26f6ffeaf393769,vqe,1.22196470964675e-05,,"Process RSS sampled every 10ms; includes imported dependencies, may miss short peaks",,,,,,,,,BFGS,Maximum number of iterations has been exceeded.,False,24,423059456,,,8,,,,,,0.04078208379294486,1,421027840,,2,,,,,,False,,300,,0.19527597849951994,,budget,23.837655400042422
0.011820831795938957,,,ry,,,,,,24,,3,,,,,,-9.826130615663484,,,,,-9.837951447459423,,,,0.9961560613054712,3.4234530513254675e-08,179,45,,,,,,,,normal,120,48edafa9858c9a77,vqe,3.3688005718346403e-09,,"Process RSS sampled every 10ms; includes imported dependencies, may miss short peaks",,,,,,,,,BFGS,Desired error not necessarily achieved due to precision loss.,False,24,423153664,,,8,,,,,,0.0012015541913445403,1,421027840,,3,,,,,,True,,120,,0.00502488170312021,,budget,11.559841700014658
0.4048433153892095,,,ry,,,,,,24,,3,,,,,,-9.433108132070213,,,,,-9.837951447459423,,,,3.638957679921194e-21,4.835899284383767e-09,225,45,,,,,,,,normal,107,328d03bf6bac0d31,vqe,6.798078766578897e-11,,"Process RSS sampled every 10ms; includes imported dependencies, may miss short peaks",,,,,,,,,BFGS,Desired error not necessarily achieved due to precision loss.,False,24,424206336,,,8,,,,,,0.04115118046183865,1,421027840,,4,,,,,,False,,107,,0.19443028339517587,,budget,14.531626800016966
0.032196307649586586,,,tfim,,,,,,32,,4,,,,,,-9.805755139809836,,,,,-9.837951447459423,,,,0.9817016065557622,0.01601844423369235,160,68,,,,,,,,normal,150,9d2beb5432c2844a,vqe,1.1421419365831298e-14,,"Process RSS sampled every 10ms; includes imported dependencies, may miss short peaks",,,,,,,,,BFGS,Maximum number of iterations has been exceeded.,False,60,423161856,,,8,,,,,,0.0032726638082668158,1,421027840,,0,,,,,,True,,150,,0.0259533684817147,,problem,14.982963300019037
0.0019328339209483403,,,tfim,,,,,,32,,4,,,,,,-9.836018613538474,,,,,-9.837951447459423,,,,0.9993799270493202,0.005368307735047442,158,68,,,,,,,,normal,150,376ecaf5cffba9f7,vqe,1.1435297153639112e-14,,"Process RSS sampled every 10ms; includes imported dependencies, may miss short peaks",,,,,,,,,BFGS,Maximum number of iterations has been exceeded.,False,60,423161856,,,8,,,,,,0.00019646711322685782,1,421036032,,1,,,,,,True,,150,,0.0011538584533572482,,problem,14.951600299973506
0.0018053798400838872,,,tfim,,,,,,32,,4,,,,,,-9.836146067619339,,,,,-9.837951447459423,,,,0.9993771054750182,0.01780784619170561,158,68,,,,,,,,normal,150,73ae8db2e21002cd,vqe,1.1490821857397526e-14,,"Process RSS sampled every 10ms; includes imported dependencies, may miss short peaks",,,,,,,,,BFGS,Maximum number of iterations has been exceeded.,False,60,423161856,,,8,,,,,,0.00018351176560747442,1,421036032,,2,,,,,,True,,150,,0.0005869250073395893,,problem,14.858897699974477
0.02872708823059078,,,tfim,,,,,,32,,4,,,,,,-9.809224359228832,,,,,-9.837951447459423,,,,0.9848320884858216,0.022567196514109034,158,68,,,,,,,,normal,150,0d53addbd8153fca,vqe,1.1490699884653122e-14,,"Process RSS sampled every 10ms; includes imported dependencies, may miss short peaks",,,,,,,,,BFGS,Maximum number of iterations has been exceeded.,False,60,423866368,,,8,,,,,,0.0029200274451455376,1,421036032,,3,,,,,,True,,150,,0.021858646677708315,,problem,14.68066319997888
0.0020298720155658145,,,tfim,,,,,,32,,4,,,,,,-9.835921575443857,,,,,-9.837951447459423,,,,0.9994152541786521,0.016034516383121526,161,68,,,,,,,,normal,150,21598b5590f2c8aa,vqe,1.1518618090594623e-14,,"Process RSS sampled every 10ms; includes imported dependencies, may miss short peaks",,,,,,,,,BFGS,Maximum number of iterations has been exceeded.,False,60,422797312,,,8,,,,,,0.0002063307616841323,1,421036032,,4,,,,,,True,,150,,0.0006356185234731582,,problem,15.001751200004946
0.011820831795938957,,,ry,,,,,,24,,3,,,,,,-9.826130615663484,,,,,-9.837951447459423,,,,0.9961560610233248,1.197224811068778e-08,189,45,,,,,,,,normal,123,f8b5cdd2599093a7,vqe,1.1652241393989016e-09,,"Process RSS sampled every 10ms; includes imported dependencies, may miss short peaks",,,,,,,,,BFGS,Desired error not necessarily achieved due to precision loss.,False,24,424218624,,,8,,,,,,0.0012015541913445403,2,421036032,,0,,,,,,True,,273,,0.005024882679928733,,restart,24.415424299950246
0.012934618377675733,,,ry,,,,,,24,,3,,,,,,-9.825016829081747,,,,,-9.837951447459423,,,,0.9952372759283975,0.001533728425538059,165,45,,,,,,,,normal,150,69ddccb67197c8eb,vqe,4.7309411152191005e-05,,"Process RSS sampled every 10ms; includes imported dependencies, may miss short peaks",,,,,,,,,BFGS,Maximum number of iterations has been exceeded.,False,24,424218624,,,8,,,,,,0.0013147674540532521,2,421040128,,1,,,,,,True,,228,,0.005948959875301307,,restart,18.908634099992923
0.39840693617554557,,,ry,,,,,,24,,3,,,,,,-9.439544511283877,,,,,-9.837951447459423,,,,0.08789739210440072,0.1257410257781052,172,45,,,,,,,,normal,150,33829303be293ac7,vqe,0.48241802942634054,,"Process RSS sampled every 10ms; includes imported dependencies, may miss short peaks",,,,,,,,,BFGS,Maximum number of iterations has been exceeded.,False,24,423825408,,,8,,,,,,0.04049694067949798,2,421040128,,2,,,,,,False,,300,,0.18653863348415722,,restart,23.406469199981075
0.011820831795938957,,,ry,,,,,,24,,3,,,,,,-9.826130615663484,,,,,-9.837951447459423,,,,0.9961560613054712,3.4234530513254675e-08,179,45,,,,,,,,normal,120,b32a27b7f5df913a,vqe,3.3688005718346403e-09,,"Process RSS sampled every 10ms; includes imported dependencies, may miss short peaks",,,,,,,,,BFGS,Desired error not necessarily achieved due to precision loss.,False,24,424120320,,,8,,,,,,0.0012015541913445403,2,421040128,,3,,,,,,True,,270,,0.00502488170312021,,restart,23.90230260003591
0.40130179432843605,,,ry,,,,,,24,,3,,,,,,-9.436649653130987,,,,,-9.837951447459423,,,,3.5150489437128525e-08,0.0036050933826827416,179,45,,,,,,,,normal,150,143037918d43871d,vqe,0.00037698527493751355,,"Process RSS sampled every 10ms; includes imported dependencies, may miss short peaks",,,,,,,,,BFGS,Maximum number of iterations has been exceeded.,False,24,423858176,,,8,,,,,,0.04079119484088013,2,421040128,,4,,,,,,False,,257,,0.19525669658251865,,restart,26.059199500014074
0.024555962916501528,,,ry,,,,,,24,,3,,,,,,-9.813395484542921,,,,,-9.837951447459423,,,,0.9922621208712451,0.0003122476006905219,109,45,,,,,,,,normal,92,da8d7690e435f42e,vqe,5.098913375911618e-06,,"Process RSS sampled every 10ms; includes imported dependencies, may miss short peaks",,,,,,,,,L-BFGS-B,CONVERGENCE: RELATIVE REDUCTION OF F <= FACTR*EPSMCH,True,24,422817792,,,8,,,,,,0.0024960443287045213,1,421040128,,0,,,,,,True,,92,,0.009539303039429181,,optimizer,6.830988100031391
0.41081456124858384,,,ry,,,,,,24,,3,,,,,,-9.427136886210839,,,,,-9.837951447459423,,,,2.865704971086393e-11,0.0001404296001721081,66,45,,,,,,,,normal,59,7a77f7cbdfd2cf50,vqe,1.6316413313843814e-05,,"Process RSS sampled every 10ms; includes imported dependencies, may miss short peaks",,,,,,,,,L-BFGS-B,CONVERGENCE: RELATIVE REDUCTION OF F <= FACTR*EPSMCH,True,24,424218624,,,8,,,,,,0.04175814075141361,1,421040128,,1,,,,,,False,,59,,0.19490666434001236,,optimizer,4.109099699999206
0.4048433744267843,,,ry,,,,,,24,,3,,,,,,-9.433108073032638,,,,,-9.837951447459423,,,,1.931838863530212e-08,0.00012762682542990814,103,45,,,,,,,,normal,94,20716a365b55a6ba,vqe,0.0002474775516763672,,"Process RSS sampled every 10ms; includes imported dependencies, may miss short peaks",,,,,,,,,L-BFGS-B,CONVERGENCE: RELATIVE REDUCTION OF F <= FACTR*EPSMCH,True,24,423251968,,,8,,,,,,0.041151186462841514,1,421040128,,2,,,,,,False,,94,,0.19442649099973974,,optimizer,6.737481800024398
0.012909972641427458,,,ry,,,,,,24,,3,,,,,,-9.825041474817995,,,,,-9.837951447459423,,,,0.9952165176856332,9.404623672418577e-05,129,45,,,,,,,,normal,109,7577e3a315c5ab6e,vqe,8.822872555908079e-06,,"Process RSS sampled every 10ms; includes imported dependencies, may miss short peaks",,,,,,,,,L-BFGS-B,CONVERGENCE: RELATIVE REDUCTION OF F <= FACTR*EPSMCH,True,24,423165952,,,8,,,,,,0.001312262284518731,1,421040128,,3,,,,,,True,,109,,0.0059644486587570045,,optimizer,7.961508999986108
0.4048433416481352,,,ry,,,,,,24,,3,,,,,,-9.433108105811288,,,,,-9.837951447459423,,,,4.004642943950724e-09,7.82367618917233e-05,133,45,,,,,,,,normal,118,5447ec32f978afa1,vqe,0.00011217894188192412,,"Process RSS sampled every 10ms; includes imported dependencies, may miss short peaks",,,,,,,,,L-BFGS-B,CONVERGENCE: RELATIVE REDUCTION OF F <= FACTR*EPSMCH,True,24,423776256,,,8,,,,,,0.04115118313098434,1,421040128,,4,,,,,,False,,118,,0.19442549018588184,,optimizer,8.004216499975882
,,equal,,,pennylane.default.mixed + independent Pauli binomial measurement,,,,,900,,,,,,,,,-1.9466666666666668,0.07047038461481714,,,,linear,,,,,,9,,,False,,-1.8761962820518496,-0.02833333333333421,,,3b25aacd65df385e,mitigation,,,"Process RSS sampled every 10ms; includes imported dependencies, may miss short peaks",,,-2.0683333333333342,0.19213705128148462,0.023683585858585876,,circuit-level local Markov channels; ideal basis measurement + readout flips,,,,,,421298176,,0.0,2,-2.04,0.1638037179481504,0.015773737373737374,,,,,421040128,0.21520239999517798,0,100,,,,,,,,900,,,,0.24058169999625534
,,equal,,,pennylane.default.mixed + independent Pauli binomial measurement,,,,,900,,,,,,,,,-1.866666666666667,0.00952961538518271,,,,linear,,,,,,9,,,False,,-1.8761962820518496,-0.008333333333332638,,,f987e5db7b71d13b,mitigation,,,"Process RSS sampled every 10ms; includes imported dependencies, may miss short peaks",,,-1.8116666666666674,0.0645296153851822,0.025970847362514045,,circuit-level local Markov channels; ideal basis measurement + readout flips,,,,,,421298176,,0.0,2,-1.82,0.056196282051849566,0.017854545454545453,,,,,421277696,0.014855499961413443,1,100,,,,,,,,900,,,,0.015794900013133883
,,equal,,,pennylane.default.mixed + independent Pauli binomial measurement,,,,,900,,,,,,,,,-1.9133333333333333,0.0371370512814837,,,,linear,,,,,,9,,,True,,-1.8761962820518496,0.009999999999999565,,,77c2320971f486a8,mitigation,,,"Process RSS sampled every 10ms; includes imported dependencies, may miss short peaks",,,-1.9100000000000004,0.033803717948150735,0.026168237934904623,,circuit-level local Markov channels; ideal basis measurement + readout flips,,,,,,421298176,,0.0,2,-1.92,0.0438037179481503,0.017640404040404043,,,,,421277696,0.022958000015933067,2,100,,,,,,,,900,,,,0.02383329998701811
,,equal,,,pennylane.default.mixed + independent Pauli binomial measurement,,,,,900,,,,,,,,,-1.9333333333333333,0.05713705128148372,,,,linear,,,,,,9,,,True,,-1.8761962820518496,0.0783333333333327,,,310eb1008ed466df,mitigation,,,"Process RSS sampled every 10ms; includes imported dependencies, may miss short peaks",,,-1.9016666666666673,0.025470384614817654,0.024490039281705962,,circuit-level local Markov channels; ideal basis measurement + readout flips,,,,,,421298176,,0.0,2,-1.98,0.10380371794815035,0.016707070707070705,,,,,421277696,0.01784460002090782,3,100,,,,,,,,900,,,,0.018689199991058558
,,equal,,,pennylane.default.mixed + independent Pauli binomial measurement,,,,,900,,,,,,,,,-1.8800000000000001,0.003803717948150487,,,,linear,,,,,,9,,,False,,-1.8761962820518496,-0.06999999999999962,,,348d3c498a54a4c6,mitigation,,,"Process RSS sampled every 10ms; includes imported dependencies, may miss short peaks",,,-1.5500000000000005,0.32619628205184914,0.029953423120089806,,circuit-level local Markov channels; ideal basis measurement + readout flips,,,,,,421298176,,0.0,2,-1.62,0.2561962820518495,0.02136969696969697,,,,,421277696,0.020796600030735135,4,100,,,,,,,,900,,,,0.021851100027561188
,,equal,,,pennylane.default.mixed + independent Pauli binomial measurement,,,,,900,,,,,,,,,-1.9466666666666668,0.07047038461481714,,,,richardson,,,,,,9,,,False,,-1.8761962820518496,-0.10750000000000126,,,b282b57fabb1b1f3,mitigation,,,"Process RSS sampled every 10ms; includes imported dependencies, may miss short peaks",,,-2.1475000000000013,0.27130371794815167,0.08598175505050544,,circuit-level local Markov channels; ideal basis measurement + readout flips,,,,,,421318656,,0.0,2,-2.04,0.1638037179481504,0.015773737373737374,,,,,421277696,0.019058699952438474,0,100,,,,,,,,900,,,,0.01997050002682954
,,equal,,,pennylane.default.mixed + independent Pauli binomial measurement,,,,,900,,,,,,,,,-1.866666666666667,0.00952961538518271,,,,richardson,,,,,,9,,,False,,-1.8761962820518496,-0.0874999999999988,,,9a256f1ea19d37d9,mitigation,,,"Process RSS sampled every 10ms; includes imported dependencies, may miss short peaks",,,-1.7325000000000013,0.14369628205184837,0.0929515782828287,,circuit-level local Markov channels; ideal basis measurement + readout flips,,,,,,421318656,,0.0,2,-1.82,0.056196282051849566,0.017854545454545453,,,,,421298176,0.01975869998568669,1,100,,,,,,,,900,,,,0.02063580002868548
,,equal,,,pennylane.default.mixed + independent Pauli binomial measurement,,,,,900,,,,,,,,,-1.9133333333333333,0.0371370512814837,,,,richardson,,,,,,9,,,False,,-1.8761962820518496,-0.1800000000000015,,,c1ed6484159bf1d2,mitigation,,,"Process RSS sampled every 10ms; includes imported dependencies, may miss short peaks",,,-2.1000000000000014,0.2238037179481518,0.09516212121212166,,circuit-level local Markov channels; ideal basis measurement + readout flips,,,,,,421322752,,0.0,2,-1.92,0.0438037179481503,0.017640404040404043,,,,,421302272,0.018784900021273643,2,100,,,,,,,,900,,,,0.01966839999658987
,,equal,,,pennylane.default.mixed + independent Pauli binomial measurement,,,,,900,,,,,,,,,-1.9333333333333333,0.05713705128148372,,,,richardson,,,,,,9,,,False,,-1.8761962820518496,-0.22250000000000236,,,b0690ef21886450d,mitigation,,,"Process RSS sampled every 10ms; includes imported dependencies, may miss short peaks",,,-2.2025000000000023,0.3263037179481527,0.09026647727272769,,circuit-level local Markov channels; ideal basis measurement + readout flips,,,,,,421322752,,0.0,2,-1.98,0.10380371794815035,0.016707070707070705,,,,,421302272,0.019160899973940104,3,100,,,,,,,,900,,,,0.020197800011374056
,,equal,,,pennylane.default.mixed + independent Pauli binomial measurement,,,,,900,,,,,,,,,-1.8800000000000001,0.003803717948150487,,,,richardson,,,,,,9,,,False,,-1.8761962820518496,-0.16500000000000004,,,2a88736c6dff20e3,mitigation,,,"Process RSS sampled every 10ms; includes imported dependencies, may miss short peaks",,,-1.455,0.42119628205184956,0.10489040404040449,,circuit-level local Markov channels; ideal basis measurement + readout flips,,,,,,421322752,,0.0,2,-1.62,0.2561962820518495,0.02136969696969697,,,,,421302272,0.022005499980878085,4,100,,,,,,,,900,,,,0.022996500018052757
,,equal,,,pennylane.default.mixed + independent Pauli binomial measurement,,,,,9000,,,,,,,,,-1.8853333333333333,0.009137051281483677,,,,linear,,,,,,9,,,False,,-1.8761962820518496,-0.009000000000000563,,,1d88039abc6900d7,mitigation,,,"Process RSS sampled every 10ms; includes imported dependencies, may miss short peaks",,,-1.9150000000000005,0.03880371794815085,0.002544446724502281,,circuit-level local Markov channels; ideal basis measurement + readout flips,,,,,,421322752,,0.0,2,-1.906,0.029803717948150288,0.0017446366366366366,,,,,421302272,0.018507100001443177,0,1000,,,,,,,,9000,,,,0.019387500011362135
,,equal,,,pennylane.default.mixed + independent Pauli binomial measurement,,,,,9000,,,,,,,,,-1.844,0.032196282051849545,,,,linear,,,,,,9,,,True,,-1.8761962820518496,0.020833333333333037,,,9ff7aa5239de050e,mitigation,,,"Process RSS sampled every 10ms; includes imported dependencies, may miss short peaks",,,-1.897166666666667,0.02097038461481726,0.002560088393949507,,circuit-level local Markov channels; ideal basis measurement + readout flips,,,,,,421322752,,0.0,2,-1.918,0.0418037179481503,0.0017471431431431432,,,,,421302272,0.026058900053612888,1,1000,,,,,,,,9000,,,,0.02714119997108355
,,equal,,,pennylane.default.mixed + independent Pauli binomial measurement,,,,,9000,,,,,,,,,-1.8739999999999999,0.0021962820518497406,,,,linear,,,,,,9,,,True,,-1.8761962820518496,0.014166666666667327,,,a204e51606ce5cc1,mitigation,,,"Process RSS sampled every 10ms; includes imported dependencies, may miss short peaks",,,-1.8681666666666672,0.008029615385182431,0.0026216997275052847,,circuit-level local Markov channels; ideal basis measurement + readout flips,,,,,,421322752,,0.0,2,-1.8539999999999999,0.02219628205184976,0.0018155715715715715,,,,,421302272,0.023489599989261478,2,1000,,,,,,,,9000,,,,0.024413499981164932
,,equal,,,pennylane.default.mixed + independent Pauli binomial measurement,,,,,9000,,,,,,,,,-1.8806666666666667,0.00447038461481708,,,,linear,,,,,,9,,,False,,-1.8761962820518496,-0.005999999999999339,,,7c405253d510552b,mitigation,,,"Process RSS sampled every 10ms; includes imported dependencies, may miss short peaks",,,-1.8660000000000005,0.010196282051849082,0.0026452786675564472,,circuit-level local Markov channels; ideal basis measurement + readout flips,,,,,,421322752,,0.0,2,-1.8719999999999999,0.004196282051849742,0.0018016496496496496,,,,,421302272,0.01670499995816499,3,1000,,,,,,,,9000,,,,0.017582900007255375
,,equal,,,pennylane.default.mixed + independent Pauli binomial measurement,,,,,9000,,,,,,,,,-1.8426666666666667,0.033529615385182954,,,,linear,,,,,,9,,,False,,-1.8761962820518496,-0.006107435896300917,,,408def4996a891d4,mitigation,,,"Process RSS sampled every 10ms; includes imported dependencies, may miss short peaks",,,-1.8865000000000003,0.010303717948150659,0.002604430013346682,,circuit-level local Markov channels; ideal basis measurement + readout flips,,,,,,421322752,,0.0,2,-1.8719999999999999,0.004196282051849742,0.0017906466466466467,,,,,421302272,0.019671899965032935,4,1000,,,,,,,,9000,,,,0.020656100008636713
,,equal,,,pennylane.default.mixed + independent Pauli binomial measurement,,,,,9000,,,,,,,,,-1.8853333333333333,0.009137051281483677,,,,richardson,,,,,,9,,,True,,-1.8761962820518496,0.028999999999998805,,,85edd3645f535494,mitigation,,,"Process RSS sampled every 10ms; includes imported dependencies, may miss short peaks",,,-1.8770000000000011,0.0008037179481514833,0.009097879504504545,,circuit-level local Markov channels; ideal basis measurement + readout flips,,,,,,421322752,,0.0,2,-1.906,0.029803717948150288,0.0017446366366366366,,,,,421302272,0.016007800004445016,0,1000,,,,,,,,9000,,,,0.01702049997402355
,,equal,,,pennylane.default.mixed + independent Pauli binomial measurement,,,,,9000,,,,,,,,,-1.844,0.032196282051849545,,,,richardson,,,,,,9,,,False,,-1.8761962820518496,-0.10425000000000151,,,e702ec32342884e2,mitigation,,,"Process RSS sampled every 10ms; includes imported dependencies, may miss short peaks",,,-2.0222500000000014,0.1460537179481518,0.009257288976476518,,circuit-level local Markov channels; ideal basis measurement + readout flips,,,,,,421322752,,0.0,2,-1.918,0.0418037179481503,0.0017471431431431432,,,,,421302272,0.021655999997165054,1,1000,,,,,,,,9000,,,,0.022527199995238334
,,equal,,,pennylane.default.mixed + independent Pauli binomial measurement,,,,,9000,,,,,,,,,-1.8739999999999999,0.0021962820518497406,,,,richardson,,,,,,9,,,False,,-1.8761962820518496,-0.11724999999999897,,,ab3f2f2c0375c0c5,mitigation,,,"Process RSS sampled every 10ms; includes imported dependencies, may miss short peaks",,,-1.736750000000001,0.13944628205184872,0.009241158220720762,,circuit-level local Markov channels; ideal basis measurement + readout flips,,,,,,421322752,,0.0,2,-1.8539999999999999,0.02219628205184976,0.0018155715715715715,,,,,421302272,0.019650999980513006,2,1000,,,,,,,,9000,,,,0.020673799968790263
,,equal,,,pennylane.default.mixed + independent Pauli binomial measurement,,,,,9000,,,,,,,,,-1.8806666666666667,0.00447038461481708,,,,richardson,,,,,,9,,,False,,-1.8761962820518496,-0.0711074358963022,,,54f5e33048b94615,mitigation,,,"Process RSS sampled every 10ms; includes imported dependencies, may miss short peaks",,,-1.9515000000000016,0.07530371794815194,0.009537566441441485,,circuit-level local Markov channels; ideal basis measurement + readout flips,,,,,,421322752,,0.0,2,-1.8719999999999999,0.004196282051849742,0.0018016496496496496,,,,,421302272,0.027808999991975725,3,1000,,,,,,,,9000,,,,0.028884399973321706
,,equal,,,pennylane.default.mixed + independent Pauli binomial measurement,,,,,9000,,,,,,,,,-1.8426666666666667,0.033529615385182954,,,,richardson,,,,,,9,,,False,,-1.8761962820518496,-0.05674999999999897,,,8ae7bdec6a4c19fe,mitigation,,,"Process RSS sampled every 10ms; includes imported dependencies, may miss short peaks",,,-1.815250000000001,0.06094628205184871,0.00925348579829834,,circuit-level local Markov channels; ideal basis measurement + readout flips,,,,,,421322752,,0.0,2,-1.8719999999999999,0.004196282051849742,0.0017906466466466467,,,,,421302272,0.018944800016470253,4,1000,,,,,,,,9000,,,,0.019974399998318404
,,equal,,,pennylane.default.mixed + independent Pauli binomial measurement,,,,,90000,,,,,,,,,-1.8781333333333332,0.0019370512814835816,,,,linear,,,,,,9,,,True,,-1.8761962820518496,0.0011666666666672043,,,796803237e818f57,mitigation,,,"Process RSS sampled every 10ms; includes imported dependencies, may miss short peaks",,,-1.8663666666666672,0.009829615385182455,0.0002618709229811872,,circuit-level local Markov channels; ideal basis measurement + readout flips,,,,,,421322752,,0.0,2,-1.8652,0.01099628205184966,0.00018015653565356537,,,,,421302272,0.016160600003786385,0,10000,,,,,,,,90000,,,,0.017068500048480928
,,equal,,,pennylane.default.mixed + independent Pauli binomial measurement,,,,,90000,,,,,,,,,-1.8669333333333336,0.009262948718516073,,,,linear,,,,,,9,,,True,,-1.8761962820518496,0.0007999999999996898,,,df43e6682f579536,mitigation,,,"Process RSS sampled every 10ms; includes imported dependencies, may miss short peaks",,,-1.8936000000000002,0.017403717948150543,0.0002585699829983,,circuit-level local Markov channels; ideal basis measurement + readout flips,,,,,,421322752,,0.0,2,-1.8943999999999999,0.018203717948150233,0.0001767716691669167,,,,,421302272,0.02314400003524497,1,10000,,,,,,,,90000,,,,0.02430249995086342
,,equal,,,pennylane.default.mixed + independent Pauli binomial measurement,,,,,90000,,,,,,,,,-1.8765333333333334,0.00033705128148375785,,,,linear,,,,,,9,,,True,,-1.8761962820518496,0.0007666666666659161,,,cdaba573f640b6e9,mitigation,,,"Process RSS sampled every 10ms; includes imported dependencies, may miss short peaks",,,-1.879433333333334,0.0032370512814843266,0.00026029347723661273,,circuit-level local Markov channels; ideal basis measurement + readout flips,,,,,,421322752,,0.0,2,-1.8801999999999999,0.004003717948150243,0.00017838951495149517,,,,,421302272,0.021031800017226487,2,10000,,,,,,,,90000,,,,0.022011900029610842
,,equal,,,pennylane.default.mixed + independent Pauli binomial measurement,,,,,90000,,,,,,,,,-1.8854666666666666,0.009270384614816995,,,,linear,,,,,,9,,,True,,-1.8761962820518496,0.00156666666666605,,,2743bbf54b363915,mitigation,,,"Process RSS sampled every 10ms; includes imported dependencies, may miss short peaks",,,-1.889233333333334,0.013037051281484358,0.00025907614483670606,,circuit-level local Markov channels; ideal basis measurement + readout flips,,,,,,421322752,,0.0,2,-1.8908,0.014603717948150408,0.00017698636263626362,,,,,421302272,0.023426699975971133,3,10000,,,,,,,,90000,,,,0.024496300029568374
,,equal,,,pennylane.default.mixed + independent Pauli binomial measurement,,,,,90000,,,,,,,,,-1.8682666666666665,0.007929615385183109,,,,linear,,,,,,9,,,True,,-1.8761962820518496,0.0010500000000006615,,,bf75ca41254738e2,mitigation,,,"Process RSS sampled every 10ms; includes imported dependencies, may miss short peaks",,,-1.827450000000001,0.04874628205184872,0.0002667076586825351,,circuit-level local Markov channels; ideal basis measurement + readout flips,,,,,,421322752,,0.0,2,-1.8264000000000002,0.04979628205184938,0.0001841415821582158,,,,,421302272,0.0192858999944292,4,10000,,,,,,,,90000,,,,0.020090100006200373
,,equal,,,pennylane.default.mixed + independent Pauli binomial measurement,,,,,90000,,,,,,,,,-1.8781333333333332,0.0019370512814835816,,,,richardson,,,,,,9,,,False,,-1.8761962820518496,-0.028599999999999293,,,1316c0dc3c3a4b61,mitigation,,,"Process RSS sampled every 10ms; includes imported dependencies, may miss short peaks",,,-1.8366000000000007,0.03959628205184895,0.000933548772377242,,circuit-level local Markov channels; ideal basis measurement + readout flips,,,,,,421322752,,0.0,2,-1.8652,0.01099628205184966,0.00018015653565356537,,,,,421302272,0.020343499956652522,0,10000,,,,,,,,90000,,,,0.021202100033406168
,,equal,,,pennylane.default.mixed + independent Pauli binomial measurement,,,,,90000,,,,,,,,,-1.8669333333333336,0.009262948718516073,,,,richardson,,,,,,9,,,False,,-1.8761962820518496,-0.029600000000001403,,,f317ba26f77bf749,mitigation,,,"Process RSS sampled every 10ms; includes imported dependencies, may miss short peaks",,,-1.9240000000000013,0.047803717948151636,0.0009276507360736116,,circuit-level local Markov channels; ideal basis measurement + readout flips,,,,,,421322752,,0.0,2,-1.8943999999999999,0.018203717948150233,0.0001767716691669167,,,,,421302272,0.019861900014802814,1,10000,,,,,,,,90000,,,,0.020707899995613843
,,equal,,,pennylane.default.mixed + independent Pauli binomial measurement,,,,,90000,,,,,,,,,-1.8765333333333334,0.00033705128148375785,,,,richardson,,,,,,9,,,False,,-1.8761962820518496,-0.0062000000000010935,,,9bd8e0d123434c25,mitigation,,,"Process RSS sampled every 10ms; includes imported dependencies, may miss short peaks",,,-1.886400000000001,0.010203717948151336,0.0009313271859686011,,circuit-level local Markov channels; ideal basis measurement + readout flips,,,,,,421322752,,0.0,2,-1.8801999999999999,0.004003717948150243,0.00017838951495149517,,,,,421302272,0.022949000005610287,2,10000,,,,,,,,90000,,,,0.02404189994558692
,,equal,,,pennylane.default.mixed + independent Pauli binomial measurement,,,,,90000,,,,,,,,,-1.8854666666666666,0.009270384614816995,,,,richardson,,,,,,9,,,False,,-1.8761962820518496,-0.035800000000001386,,,07784c23a650e2dd,mitigation,,,"Process RSS sampled every 10ms; includes imported dependencies, may miss short peaks",,,-1.9266000000000014,0.050403717948151794,0.0009305815646564698,,circuit-level local Markov channels; ideal basis measurement + readout flips,,,,,,421322752,,0.0,2,-1.8908,0.014603717948150408,0.00017698636263626362,,,,,421302272,0.021336000005248934,3,10000,,,,,,,,90000,,,,0.02228490001289174
,,equal,,,pennylane.default.mixed + independent Pauli binomial measurement,,,,,90000,,,,,,,,,-1.8682666666666665,0.007929615385183109,,,,richardson,,,,,,9,,,False,,-1.8761962820518496,-0.06592499999999912,,,c1573becc50c7e92,mitigation,,,"Process RSS sampled every 10ms; includes imported dependencies, may miss short peaks",,,-1.7604750000000011,0.1157212820518485,0.0009486736386763718,,circuit-level local Markov channels; ideal basis measurement + readout flips,,,,,,421322752,,0.0,2,-1.8264000000000002,0.04979628205184938,0.0001841415821582158,,,,,421302272,0.015095300041139126,4,10000,,,,,,,,90000,,,,0.015923800005111843
,,equal,,,pennylane.default.mixed + independent Pauli binomial measurement,,,,,900,,,,,,,,,-1.92,0.0438037179481503,,,,linear,,,,,,9,,,False,,-1.8761962820518496,-0.055000000000000604,,,51ea99e5d5b36816,mitigation,,,"Process RSS sampled every 10ms; includes imported dependencies, may miss short peaks",,,-2.0550000000000006,0.17880371794815098,0.02473134118967454,,circuit-level local Markov channels; ideal basis measurement + readout flips,,,,,,421326848,,0.002,2,-2.0,0.12380371794815037,0.01637979797979798,,,,,421302272,0.09229090000735596,0,100,,,,,,,,900,,,,0.09332310000900179
,,equal,,,pennylane.default.mixed + independent Pauli binomial measurement,,,,,900,,,,,,,,,-1.8133333333333332,0.06286294871851639,,,,linear,,,,,,9,,,True,,-1.8761962820518496,0.016666666666667274,,,103c42f0a4d13585,mitigation,,,"Process RSS sampled every 10ms; includes imported dependencies, may miss short peaks",,,-1.7766666666666673,0.09952961538518235,0.02716543209876545,,circuit-level local Markov channels; ideal basis measurement + readout flips,,,,,,421326848,,0.002,2,-1.76,0.11619628205184962,0.018577777777777776,,,,,421306368,0.05323109996970743,1,100,,,,,,,,900,,,,0.05413369997404516
,,equal,,,pennylane.default.mixed + independent Pauli binomial measurement,,,,,900,,,,,,,,,-1.7933333333333332,0.0828629487185164,,,,linear,,,,,,9,,,False,,-1.8761962820518496,-0.0016666666666673713,,,e5ec8c6677a461f6,mitigation,,,"Process RSS sampled every 10ms; includes imported dependencies, may miss short peaks",,,-1.8816666666666673,0.005470384614817636,0.0270213524130191,,circuit-level local Markov channels; ideal basis measurement + readout flips,,,,,,421326848,,0.002,2,-1.88,0.0038037179481502648,0.01810909090909091,,,,,421306368,0.05319549998966977,2,100,,,,,,,,900,,,,0.05419900000561029
,,equal,,,pennylane.default.mixed + independent Pauli binomial measurement,,,,,900,,,,,,,,,-1.9066666666666667,0.030470384614817103,,,,linear,,,,,,9,,,True,,-1.8761962820518496,0.05833333333333268,,,368f70e64a25e13b,mitigation,,,"Process RSS sampled every 10ms; includes imported dependencies, may miss short peaks",,,-1.9016666666666673,0.025470384614817654,0.025184203142536492,,circuit-level local Markov channels; ideal basis measurement + readout flips,,,,,,421326848,,0.002,2,-1.96,0.08380371794815034,0.017026262626262625,,,,,421306368,0.07245779997901991,3,100,,,,,,,,900,,,,0.07334060000721365
,,equal,,,pennylane.default.mixed + independent Pauli binomial measurement,,,,,900,,,,,,,,,-1.8533333333333333,0.02286294871851635,,,,linear,,,,,,9,,,False,,-1.8761962820518496,-0.04999999999999938,,,72c24464f6cf1ba0,mitigation,,,"Process RSS sampled every 10ms; includes imported dependencies, may miss short peaks",,,-1.5300000000000007,0.34619628205184894,0.03087469135802471,,circuit-level local Markov channels; ideal basis measurement + readout flips,,,,,,421326848,,0.002,2,-1.58,0.29619628205184956,0.02183030303030303,,,,,421306368,0.06895069999154657,4,100,,,,,,,,900,,,,0.06976260000374168
,,equal,,,pennylane.default.mixed + independent Pauli binomial measurement,,,,,900,,,,,,,,,-1.92,0.0438037179481503,,,,richardson,,,,,,9,,,False,,-1.8761962820518496,-0.10250000000000181,,,9a3d379d7f341b0f,mitigation,,,"Process RSS sampled every 10ms; includes imported dependencies, may miss short peaks",,,-2.102500000000002,0.22630371794815218,0.0894975378787883,,circuit-level local Markov channels; ideal basis measurement + readout flips,,,,,,421326848,,0.002,2,-2.0,0.12380371794815037,0.01637979797979798,,,,,421306368,0.054972600017208606,0,100,,,,,,,,900,,,,0.05600720003712922
,,equal,,,pennylane.default.mixed + independent Pauli binomial measurement,,,,,900,,,,,,,,,-1.8133333333333332,0.06286294871851639,,,,richardson,,,,,,9,,,False,,-1.8761962820518496,-0.10999999999999877,,,99775afdab0c58a1,mitigation,,,"Process RSS sampled every 10ms; includes imported dependencies, may miss short peaks",,,-1.6500000000000012,0.22619628205184839,0.09689873737373782,,circuit-level local Markov channels; ideal basis measurement + readout flips,,,,,,421326848,,0.002,2,-1.76,0.11619628205184962,0.018577777777777776,,,,,421306368,0.05104430002393201,1,100,,,,,,,,900,,,,0.05187560000922531
,,equal,,,pennylane.default.mixed + independent Pauli binomial measurement,,,,,900,,,,,,,,,-1.7933333333333332,0.0828629487185164,,,,richardson,,,,,,9,,,False,,-1.8761962820518496,-0.20750000000000224,,,559a7f284f399a0c,mitigation,,,"Process RSS sampled every 10ms; includes imported dependencies, may miss short peaks",,,-2.087500000000002,0.2113037179481525,0.09845940656565702,,circuit-level local Markov channels; ideal basis measurement + readout flips,,,,,,421322752,,0.002,2,-1.88,0.0038037179481502648,0.01810909090909091,,,,,421306368,0.04276510002091527,2,100,,,,,,,,900,,,,0.04369399999268353
,,equal,,,pennylane.default.mixed + independent Pauli binomial measurement,,,,,900,,,,,,,,,-1.9066666666666667,0.030470384614817103,,,,richardson,,,,,,9,,,False,,-1.8761962820518496,-0.24250000000000238,,,c66b8b77fdb3204e,mitigation,,,"Process RSS sampled every 10ms; includes imported dependencies, may miss short peaks",,,-2.2025000000000023,0.3263037179481527,0.0927124368686873,,circuit-level local Markov channels; ideal basis measurement + readout flips,,,,,,421326848,,0.002,2,-1.96,0.08380371794815034,0.017026262626262625,,,,,421306368,0.055503299983683974,3,100,,,,,,,,900,,,,0.056441000022459775
,,equal,,,pennylane.default.mixed + independent Pauli binomial measurement,,,,,900,,,,,,,,,-1.8533333333333333,0.02286294871851635,,,,richardson,,,,,,9,,,False,,-1.8761962820518496,-0.14499999999999957,,,d37ad655296aa0a8,mitigation,,,"Process RSS sampled every 10ms; includes imported dependencies, may miss short peaks",,,-1.4350000000000005,0.44119628205184913,0.1082935606060611,,circuit-level local Markov channels; ideal basis measurement + readout flips,,,,,,421326848,,0.002,2,-1.58,0.29619628205184956,0.02183030303030303,,,,,421306368,0.061516999965533614,4,100,,,,,,,,900,,,,0.062379300012253225
,,equal,,,pennylane.default.mixed + independent Pauli binomial measurement,,,,,9000,,,,,,,,,-1.8553333333333333,0.02086294871851635,,,,linear,,,,,,9,,,False,,-1.8761962820518496,-0.04283333333333372,,,97b25c85cd966110,mitigation,,,"Process RSS sampled every 10ms; includes imported dependencies, may miss short peaks",,,-1.9268333333333336,0.05063705128148399,0.0026187129629629646,,circuit-level local Markov channels; ideal basis measurement + readout flips,,,,,,421326848,,0.002,2,-1.884,0.007803717948150268,0.0017731571571571571,,,,,421306368,0.05477080005221069,0,1000,,,,,,,,9000,,,,0.055903200001921505
,,equal,,,pennylane.default.mixed + independent Pauli binomial measurement,,,,,9000,,,,,,,,,-1.8193333333333335,0.05686294871851616,,,,linear,,,,,,9,,,True,,-1.8761962820518496,0.0023333333333326323,,,9b0b165141a36240,mitigation,,,"Process RSS sampled every 10ms; includes imported dependencies, may miss short peaks",,,-1.8896666666666673,0.013470384614817643,0.0026312763874986123,,circuit-level local Markov channels; ideal basis measurement + readout flips,,,,,,421326848,,0.002,2,-1.892,0.015803717948150275,0.0017812292292292294,,,,,421306368,0.04495830001542345,1,1000,,,,,,,,9000,,,,0.046075599966570735
,,equal,,,pennylane.default.mixed + independent Pauli binomial measurement,,,,,9000,,,,,,,,,-1.8493333333333333,0.026862948718516355,,,,linear,,,,,,9,,,False,,-1.8761962820518496,-0.003333333333332522,,,ccf52a43b0fcd4c8,mitigation,,,"Process RSS sampled every 10ms; includes imported dependencies, may miss short peaks",,,-1.8246666666666673,0.051529615385182304,0.0027054959403848312,,circuit-level local Markov channels; ideal basis measurement + readout flips,,,,,,421326848,,0.002,2,-1.8279999999999998,0.04819628205184978,0.0018487447447447449,,,,,421306368,0.044069499999750406,2,1000,,,,,,,,9000,,,,0.04504669999005273
,,equal,,,pennylane.default.mixed + independent Pauli binomial measurement,,,,,9000,,,,,,,,,-1.856,0.020196282051849535,,,,linear,,,,,,9,,,True,,-1.8761962820518496,0.015833333333333588,,,6833f0633e316be2,mitigation,,,"Process RSS sampled every 10ms; includes imported dependencies, may miss short peaks",,,-1.8618333333333335,0.014362948718516177,0.0027164758925592274,,circuit-level local Markov channels; ideal basis measurement + readout flips,,,,,,421326848,,0.002,2,-1.8459999999999999,0.030196282051849765,0.0018350950950950951,,,,,421306368,0.045534699980635196,3,1000,,,,,,,,9000,,,,0.0464897999772802
,,equal,,,pennylane.default.mixed + independent Pauli binomial measurement,,,,,9000,,,,,,,,,-1.818,0.05819628205184957,,,,linear,,,,,,9,,,False,,-1.8761962820518496,-0.0007741025629679488,,,0394176c16406eff,mitigation,,,"Process RSS sampled every 10ms; includes imported dependencies, may miss short peaks",,,-1.8951666666666673,0.018970384614817704,0.0026570576965854764,,circuit-level local Markov channels; ideal basis measurement + readout flips,,,,,,421326848,,0.002,2,-1.8579999999999999,0.018196282051849755,0.001807835835835836,,,,,421306368,0.05765229999087751,4,1000,,,,,,,,9000,,,,0.058601099997758865
,,equal,,,pennylane.default.mixed + independent Pauli binomial measurement,,,,,9000,,,,,,,,,-1.8553333333333333,0.02086294871851635,,,,richardson,,,,,,9,,,False,,-1.8761962820518496,-0.00014256410369828387,,,51f1c43e6e6d30ca,mitigation,,,"Process RSS sampled every 10ms; includes imported dependencies, may miss short peaks",,,-1.868250000000001,0.007946282051848552,0.00935803459709714,,circuit-level local Markov channels; ideal basis measurement + readout flips,,,,,,421326848,,0.002,2,-1.884,0.007803717948150268,0.0017731571571571571,,,,,421306368,0.04625529999611899,0,1000,,,,,,,,9000,,,,0.04706339997937903
,,equal,,,pennylane.default.mixed + independent Pauli binomial measurement,,,,,9000,,,,,,,,,-1.8193333333333335,0.05686294871851616,,,,richardson,,,,,,9,,,False,,-1.8761962820518496,-0.12750000000000172,,,54077f65121df8fd,mitigation,,,"Process RSS sampled every 10ms; includes imported dependencies, may miss short peaks",,,-2.0195000000000016,0.143303717948152,0.009522587587587632,,circuit-level local Markov channels; ideal basis measurement + readout flips,,,,,,421326848,,0.002,2,-1.892,0.015803717948150275,0.0017812292292292294,,,,,421306368,0.06099460000405088,1,1000,,,,,,,,9000,,,,0.061906600021757185
,,equal,,,pennylane.default.mixed + independent Pauli binomial measurement,,,,,9000,,,,,,,,,-1.8493333333333333,0.026862948718516355,,,,richardson,,,,,,9,,,True,,-1.8761962820518496,0.041000000000001036,,,94774eda5b0781ea,mitigation,,,"Process RSS sampled every 10ms; includes imported dependencies, may miss short peaks",,,-1.8690000000000009,0.007196282051848746,0.009692466466466512,,circuit-level local Markov channels; ideal basis measurement + readout flips,,,,,,421326848,,0.002,2,-1.8279999999999998,0.04819628205184978,0.0018487447447447449,,,,,421306368,0.04902480001328513,2,1000,,,,,,,,9000,,,,0.04986879997886717
,,equal,,,pennylane.default.mixed + independent Pauli binomial measurement,,,,,9000,,,,,,,,,-1.856,0.020196282051849535,,,,richardson,,,,,,9,,,False,,-1.8761962820518496,-0.03935743589630181,,,c3f258ceea02b8cf,mitigation,,,"Process RSS sampled every 10ms; includes imported dependencies, may miss short peaks",,,-1.9457500000000012,0.06955371794815157,0.009799118556056101,,circuit-level local Markov channels; ideal basis measurement + readout flips,,,,,,421326848,,0.002,2,-1.8459999999999999,0.030196282051849765,0.0018350950950950951,,,,,421306368,0.047541000007186085,3,1000,,,,,,,,9000,,,,0.04855469998437911
,,equal,,,pennylane.default.mixed + independent Pauli binomial measurement,,,,,9000,,,,,,,,,-1.818,0.05819628205184957,,,,richardson,,,,,,9,,,False,,-1.8761962820518496,-0.02774999999999861,,,78d38d8901f95787,mitigation,,,"Process RSS sampled every 10ms; includes imported dependencies, may miss short peaks",,,-1.8302500000000013,0.045946282051848364,0.009462455893393437,,circuit-level local Markov channels; ideal basis measurement + readout flips,,,,,,421326848,,0.002,2,-1.8579999999999999,0.018196282051849755,0.001807835835835836,,,,,421306368,0.07410850003361702,4,1000,,,,,,,,9000,,,,0.07508769998094067
,,equal,,,pennylane.default.mixed + independent Pauli binomial measurement,,,,,90000,,,,,,,,,-1.8524666666666667,0.023729615385182923,,,,linear,,,,,,9,,,True,,-1.8761962820518496,0.02215000000000078,,,bcd44205b8363399,mitigation,,,"Process RSS sampled every 10ms; includes imported dependencies, may miss short peaks",,,-1.8615500000000007,0.014646282051848925,0.00026895567337289307,,circuit-level local Markov channels; ideal basis measurement + readout flips,,,,,,421326848,,0.002,2,-1.8394,0.036796282051849705,0.0001834123372337234,,,,,421306368,0.048152700008358806,0,10000,,,,,,,,90000,,,,0.0489961999701336
,,equal,,,pennylane.default.mixed + independent Pauli binomial measurement,,,,,90000,,,,,,,,,-1.8411999999999997,0.0349962820518499,,,,linear,,,,,,9,,,False,,-1.8761962820518496,-0.005074102562968141,,,2daaa2d20ed9805e,mitigation,,,"Process RSS sampled every 10ms; includes imported dependencies, may miss short peaks",,,-1.8888666666666674,0.012670384614817731,0.00026571221105443893,,circuit-level local Markov channels; ideal basis measurement + readout flips,,,,,,421326848,,0.002,2,-1.8686,0.00759628205184959,0.00018007790779077908,,,,,421306368,0.04546739999204874,1,10000,,,,,,,,90000,,,,0.04633909999392927
,,equal,,,pennylane.default.mixed + independent Pauli binomial measurement,,,,,90000,,,,,,,,,-1.8508,0.025396282051849628,,,,linear,,,,,,9,,,True,,-1.8761962820518496,0.020383333333334086,,,81d1cf65c68dcd3a,mitigation,,,"Process RSS sampled every 10ms; includes imported dependencies, may miss short peaks",,,-1.8749833333333341,0.0012129487185155163,0.00026739981295351774,,circuit-level local Markov channels; ideal basis measurement + readout flips,,,,,,421326848,,0.002,2,-1.8546,0.021596282051849602,0.0001816537693769377,,,,,421306368,0.04744669998763129,2,10000,,,,,,,,90000,,,,0.04831519996514544
,,equal,,,pennylane.default.mixed + independent Pauli binomial measurement,,,,,90000,,,,,,,,,-1.8599333333333332,0.016262948718516412,,,,linear,,,,,,9,,,True,,-1.8761962820518496,0.002609230770365567,,,35f39447fc5dc844,mitigation,,,"Process RSS sampled every 10ms; includes imported dependencies, may miss short peaks",,,-1.8845833333333337,0.008387051281484093,0.0002661827293562691,,circuit-level local Markov channels; ideal basis measurement + readout flips,,,,,,421326848,,0.002,2,-1.8652,0.01099628205184966,0.00018026863486348633,,,,,421306368,0.057713699992746115,3,10000,,,,,,,,90000,,,,0.058870699955150485
,,equal,,,pennylane.default.mixed + independent Pauli binomial measurement,,,,,90000,,,,,,,,,-1.8425333333333334,0.03366294871851627,,,,linear,,,,,,9,,,True,,-1.8761962820518496,0.024950000000000694,,,8e5921f59be01638,mitigation,,,"Process RSS sampled every 10ms; includes imported dependencies, may miss short peaks",,,-1.8583500000000006,0.017846282051849016,0.00026961237926570453,,circuit-level local Markov channels; ideal basis measurement + readout flips,,,,,,421326848,,0.002,2,-1.8334,0.04279628205184971,0.00018383164316431642,,,,,421306368,0.06221880001248792,4,10000,,,,,,,,90000,,,,0.06315790000371635
,,equal,,,pennylane.default.mixed + independent Pauli binomial measurement,,,,,90000,,,,,,,,,-1.8524666666666667,0.023729615385182923,,,,richardson,,,,,,9,,,False,,-1.8761962820518496,-0.007774999999998977,,,082bbda49a54fba3,mitigation,,,"Process RSS sampled every 10ms; includes imported dependencies, may miss short peaks",,,-1.831625000000001,0.04457128205184868,0.0009600401733298375,,circuit-level local Markov channels; ideal basis measurement + readout flips,,,,,,421326848,,0.002,2,-1.8394,0.036796282051849705,0.0001834123372337234,,,,,421306368,0.04825990000972524,0,10000,,,,,,,,90000,,,,0.0491634999634698
,,equal,,,pennylane.default.mixed + independent Pauli binomial measurement,,,,,90000,,,,,,,,,-1.8411999999999997,0.0349962820518499,,,,richardson,,,,,,9,,,False,,-1.8761962820518496,-0.036107435896302276,,,15adaae403fed4a7,mitigation,,,"Process RSS sampled every 10ms; includes imported dependencies, may miss short peaks",,,-1.9199000000000015,0.043703717948151866,0.0009542895368286872,,circuit-level local Markov channels; ideal basis measurement + readout flips,,,,,,421326848,,0.002,2,-1.8686,0.00759628205184959,0.00018007790779077908,,,,,421306368,0.053962200006935745,1,10000,,,,,,,,90000,,,,0.05494709999766201
,,equal,,,pennylane.default.mixed + independent Pauli binomial measurement,,,,,90000,,,,,,,,,-1.8508,0.025396282051849628,,,,richardson,,,,,,9,,,True,,-1.8761962820518496,0.015367564103698328,,,1aaa630b1534d92e,mitigation,,,"Process RSS sampled every 10ms; includes imported dependencies, may miss short peaks",,,-1.882425000000001,0.0062287179481512744,0.0009578650686943737,,circuit-level local Markov channels; ideal basis measurement + readout flips,,,,,,421326848,,0.002,2,-1.8546,0.021596282051849602,0.0001816537693769377,,,,,421306368,0.046718600031454116,2,10000,,,,,,,,90000,,,,0.047522999986540526
,,equal,,,pennylane.default.mixed + independent Pauli binomial measurement,,,,,90000,,,,,,,,,-1.8599333333333332,0.016262948718516412,,,,richardson,,,,,,9,,,False,,-1.8761962820518496,-0.03618243589630166,,,bf31922ed83ab159,mitigation,,,"Process RSS sampled every 10ms; includes imported dependencies, may miss short peaks",,,-1.923375000000001,0.047178717948151316,0.0009571558800255068,,circuit-level local Markov channels; ideal basis measurement + readout flips,,,,,,421326848,,0.002,2,-1.8652,0.01099628205184966,0.00018026863486348633,,,,,421306368,0.0619919000309892,3,10000,,,,,,,,90000,,,,0.06306169996969402
,,equal,,,pennylane.default.mixed + independent Pauli binomial measurement,,,,,90000,,,,,,,,,-1.8425333333333334,0.03366294871851627,,,,richardson,,,,,,9,,,False,,-1.8761962820518496,-0.016374999999998918,,,0d62d65412d7d461,mitigation,,,"Process RSS sampled every 10ms; includes imported dependencies, may miss short peaks",,,-1.817025000000001,0.05917128205184863,0.0009626936991824225,,circuit-level local Markov channels; ideal basis measurement + readout flips,,,,,,421326848,,0.002,2,-1.8334,0.04279628205184971,0.00018383164316431642,,,,,421306368,0.05330199998570606,4,10000,,,,,,,,90000,,,,0.05426780000561848
,,equal,,,pennylane.default.mixed + independent Pauli binomial measurement,,,,,900,,,,,,,,,-1.7266666666666668,0.14952961538518283,,,,linear,,,,,,9,,,True,,-1.8761962820518496,0.1250000000000009,,,d79ebb4aec03ebb3,mitigation,,,"Process RSS sampled every 10ms; includes imported dependencies, may miss short peaks",,,-1.805000000000001,0.07119628205184858,0.029967143658810345,,circuit-level local Markov channels; ideal basis measurement + readout flips,,,,,,421326848,,0.02,2,-1.6800000000000002,0.19619628205184947,0.01953131313131313,,,,,421306368,0.05905559996608645,0,100,,,,,,,,900,,,,0.060016099945642054
,,equal,,,pennylane.default.mixed + independent Pauli binomial measurement,,,,,900,,,,,,,,,-1.6,0.27619628205184954,,,,linear,,,,,,9,,,True,,-1.8761962820518496,0.09072589743703219,,,0553ace6bbfe57fd,mitigation,,,"Process RSS sampled every 10ms; includes imported dependencies, may miss short peaks",,,-1.941666666666667,0.06547038461481747,0.031038243546576902,,circuit-level local Markov channels; ideal basis measurement + readout flips,,,,,,421326848,,0.02,2,-1.72,0.15619628205184966,0.020202020202020204,,,,,421306368,0.04927249997854233,1,100,,,,,,,,900,,,,0.050320299982558936
,,equal,,,pennylane.default.mixed + independent Pauli binomial measurement,,,,,900,,,,,,,,,-1.5866666666666667,0.28952961538518296,,,,linear,,,,,,9,,,False,,-1.8761962820518496,-0.047607435896300565,,,d50edd8abc28cb6e,mitigation,,,"Process RSS sampled every 10ms; includes imported dependencies, may miss short peaks",,,-2.0,0.12380371794815037,0.029482940516273877,,circuit-level local Markov channels; ideal basis measurement + readout flips,,,,,,421326848,,0.02,2,-1.7999999999999998,0.0761962820518498,0.01875555555555556,,,,,421306368,0.051603600033558905,2,100,,,,,,,,900,,,,0.053003499982878566
,,equal,,,pennylane.default.mixed + independent Pauli binomial measurement,,,,,900,,,,,,,,,-1.7199999999999998,0.15619628205184988,,,,linear,,,,,,9,,,True,,-1.8761962820518496,0.11666666666666736,,,6559c7585181fe10,mitigation,,,"Process RSS sampled every 10ms; includes imported dependencies, may miss short peaks",,,-1.8566666666666674,0.019529615385182275,0.030182491582491602,,circuit-level local Markov channels; ideal basis measurement + readout flips,,,,,,421326848,,0.02,2,-1.74,0.13619628205184964,0.019688888888888888,,,,,421306368,0.05827119998866692,3,100,,,,,,,,900,,,,0.05929689999902621
,,equal,,,pennylane.default.mixed + independent Pauli binomial measurement,,,,,900,,,,,,,,,-1.6466666666666667,0.2295296153851829,,,,linear,,,,,,9,,,True,,-1.8761962820518496,0.11166666666666747,,,0f85f14abcae48eb,mitigation,,,"Process RSS sampled every 10ms; includes imported dependencies, may miss short peaks",,,-1.6716666666666673,0.20452961538518233,0.03277859147025816,,circuit-level local Markov channels; ideal basis measurement + readout flips,,,,,,421326848,,0.02,2,-1.5599999999999998,0.3161962820518498,0.021810101010101012,,,,,421306368,0.06701640004757792,4,100,,,,,,,,900,,,,0.0680106999934651
,,equal,,,pennylane.default.mixed + independent Pauli binomial measurement,,,,,900,,,,,,,,,-1.7266666666666668,0.14952961538518283,,,,richardson,,,,,,9,,,True,,-1.8761962820518496,0.17250000000000143,,,0c6573ef35c28099,mitigation,,,"Process RSS sampled every 10ms; includes imported dependencies, may miss short peaks",,,-1.8525000000000016,0.02369628205184804,0.10925309343434393,,circuit-level local Markov channels; ideal basis measurement + readout flips,,,,,,421326848,,0.02,2,-1.6800000000000002,0.19619628205184947,0.01953131313131313,,,,,421306368,0.05607310001505539,0,100,,,,,,,,900,,,,0.05696200003148988
,,equal,,,pennylane.default.mixed + independent Pauli binomial measurement,,,,,900,,,,,,,,,-1.6,0.27619628205184954,,,,richardson,,,,,,9,,,True,,-1.8761962820518496,0.1425000000000014,,,f0777b8c0b39fb1e,mitigation,,,"Process RSS sampled every 10ms; includes imported dependencies, may miss short peaks",,,-1.8625000000000014,0.013696282051848252,0.111811300505051,,circuit-level local Markov channels; ideal basis measurement + readout flips,,,,,,421326848,,0.02,2,-1.72,0.15619628205184966,0.020202020202020204,,,,,421306368,0.04762939998181537,1,100,,,,,,,,900,,,,0.048533699999097735
,,equal,,,pennylane.default.mixed + independent Pauli binomial measurement,,,,,900,,,,,,,,,-1.5866666666666667,0.28952961538518296,,,,richardson,,,,,,9,,,False,,-1.8761962820518496,-0.14260743589630254,,,42f87eb56196515a,mitigation,,,"Process RSS sampled every 10ms; includes imported dependencies, may miss short peaks",,,-2.095000000000002,0.21880371794815234,0.10791818181818233,,circuit-level local Markov channels; ideal basis measurement + readout flips,,,,,,421322752,,0.02,2,-1.7999999999999998,0.0761962820518498,0.01875555555555556,,,,,421306368,0.055482399999164045,2,100,,,,,,,,900,,,,0.05645059997914359
,,equal,,,pennylane.default.mixed + independent Pauli binomial measurement,,,,,900,,,,,,,,,-1.7199999999999998,0.15619628205184988,,,,richardson,,,,,,9,,,False,,-1.8761962820518496,-0.0026074358963026345,,,060bcfe0daf0fe1c,mitigation,,,"Process RSS sampled every 10ms; includes imported dependencies, may miss short peaks",,,-2.015000000000002,0.13880371794815227,0.10997449494949545,,circuit-level local Markov channels; ideal basis measurement + readout flips,,,,,,421326848,,0.02,2,-1.74,0.13619628205184964,0.019688888888888888,,,,,421306368,0.04510010004742071,3,100,,,,,,,,900,,,,0.046000199974514544
,,equal,,,pennylane.default.mixed + independent Pauli binomial measurement,,,,,900,,,,,,,,,-1.6466666666666667,0.2295296153851829,,,,richardson,,,,,,9,,,True,,-1.8761962820518496,0.12750000000000128,,,228a44d5e6d0beb3,mitigation,,,"Process RSS sampled every 10ms; includes imported dependencies, may miss short peaks",,,-1.687500000000001,0.18869628205184852,0.11796445707070763,,circuit-level local Markov channels; ideal basis measurement + readout flips,,,,,,421326848,,0.02,2,-1.5599999999999998,0.3161962820518498,0.021810101010101012,,,,,421306368,0.055614500015508384,4,100,,,,,,,,900,,,,0.05646580003667623
,,equal,,,pennylane.default.mixed + independent Pauli binomial measurement,,,,,9000,,,,,,,,,-1.644,0.23219628205184972,,,,linear,,,,,,9,,,True,,-1.8761962820518496,0.15983333333333416,,,50a0b71a259aa631,mitigation,,,"Process RSS sampled every 10ms; includes imported dependencies, may miss short peaks",,,-1.8278333333333339,0.048362948718515764,0.003106877238349463,,circuit-level local Markov channels; ideal basis measurement + readout flips,,,,,,421326848,,0.02,2,-1.6679999999999997,0.20819628205184992,0.0020360280280280283,,,,,421306368,0.044737799966242164,0,1000,,,,,,,,9000,,,,0.04563830001279712
,,equal,,,pennylane.default.mixed + independent Pauli binomial measurement,,,,,9000,,,,,,,,,-1.5999999999999999,0.27619628205184976,,,,linear,,,,,,9,,,True,,-1.8761962820518496,0.102833333333334,,,495e8145c42e95b0,mitigation,,,"Process RSS sampled every 10ms; includes imported dependencies, may miss short peaks",,,-1.780833333333334,0.0953629487185157,0.003114215910354802,,circuit-level local Markov channels; ideal basis measurement + readout flips,,,,,,421326848,,0.02,2,-1.678,0.1981962820518497,0.00204166966966967,,,,,421306368,0.05573169997660443,1,1000,,,,,,,,9000,,,,0.05661059997510165
,,equal,,,pennylane.default.mixed + independent Pauli binomial measurement,,,,,9000,,,,,,,,,-1.63,0.24619628205184974,,,,linear,,,,,,9,,,True,,-1.8761962820518496,0.14283333333333403,,,fb6f62aa3c289f10,mitigation,,,"Process RSS sampled every 10ms; includes imported dependencies, may miss short peaks",,,-1.754833333333334,0.12136294871851572,0.003177015209654101,,circuit-level local Markov channels; ideal basis measurement + readout flips,,,,,,421326848,,0.02,2,-1.6119999999999999,0.26419628205184975,0.002103591591591592,,,,,421306368,0.0569223000202328,2,1000,,,,,,,,9000,,,,0.057790599996224046
,,equal,,,pennylane.default.mixed + independent Pauli binomial measurement,,,,,9000,,,,,,,,,-1.64,0.23619628205184973,,,,linear,,,,,,9,,,True,,-1.8761962820518496,0.12683333333333402,,,02718059ccf4e66a,mitigation,,,"Process RSS sampled every 10ms; includes imported dependencies, may miss short peaks",,,-1.7528333333333341,0.1233629487185155,0.003195522772772775,,circuit-level local Markov channels; ideal basis measurement + readout flips,,,,,,421326848,,0.02,2,-1.6260000000000001,0.2501962820518495,0.0020961961961961963,,,,,421306368,0.04988750000484288,3,1000,,,,,,,,9000,,,,0.050821400014683604
,,equal,,,pennylane.default.mixed + independent Pauli binomial measurement,,,,,9000,,,,,,,,,-1.5973333333333333,0.27886294871851636,,,,linear,,,,,,9,,,True,,-1.8761962820518496,0.15516666666666756,,,d0b594fadae14354,mitigation,,,"Process RSS sampled every 10ms; includes imported dependencies, may miss short peaks",,,-1.8051666666666675,0.07102961538518215,0.003116851768435104,,circuit-level local Markov channels; ideal basis measurement + readout flips,,,,,,421326848,,0.02,2,-1.65,0.22619628205184972,0.002044408408408409,,,,,421306368,0.051240600005257875,4,1000,,,,,,,,9000,,,,0.05224769999040291
,,equal,,,pennylane.default.mixed + independent Pauli binomial measurement,,,,,9000,,,,,,,,,-1.644,0.23219628205184972,,,,richardson,,,,,,9,,,True,,-1.8761962820518496,0.14875000000000105,,,3fd3463a93022b2e,mitigation,,,"Process RSS sampled every 10ms; includes imported dependencies, may miss short peaks",,,-1.8167500000000008,0.059446282051848875,0.011226440252752806,,circuit-level local Markov channels; ideal basis measurement + readout flips,,,,,,421326848,,0.02,2,-1.6679999999999997,0.20819628205184992,0.0020360280280280283,,,,,421306368,0.06409790000179783,0,1000,,,,,,,,9000,,,,0.06569040002068505
,,equal,,,pennylane.default.mixed + independent Pauli binomial measurement,,,,,9000,,,,,,,,,-1.5999999999999999,0.27619628205184976,,,,richardson,,,,,,9,,,True,,-1.8761962820518496,0.07664256410369719,,,ff08802e6f7e01a7,mitigation,,,"Process RSS sampled every 10ms; includes imported dependencies, may miss short peaks",,,-1.9977500000000021,0.1215537179481525,0.011352108921421473,,circuit-level local Markov channels; ideal basis measurement + readout flips,,,,,,421322752,,0.02,2,-1.678,0.1981962820518497,0.00204166966966967,,,,,421306368,0.06222119997255504,1,1000,,,,,,,,9000,,,,0.06337089999578893
,,equal,,,pennylane.default.mixed + independent Pauli binomial measurement,,,,,9000,,,,,,,,,-1.63,0.24619628205184974,,,,richardson,,,,,,9,,,True,,-1.8761962820518496,0.10325000000000095,,,1e514b1052d4590f,mitigation,,,"Process RSS sampled every 10ms; includes imported dependencies, may miss short peaks",,,-1.7152500000000008,0.1609462820518488,0.011441494431931985,,circuit-level local Markov channels; ideal basis measurement + readout flips,,,,,,421326848,,0.02,2,-1.6119999999999999,0.26419628205184975,0.002103591591591592,,,,,421306368,0.061785099969711155,2,1000,,,,,,,,9000,,,,0.06274139997549355
,,equal,,,pennylane.default.mixed + independent Pauli binomial measurement,,,,,9000,,,,,,,,,-1.64,0.23619628205184973,,,,richardson,,,,,,9,,,True,,-1.8761962820518496,0.2136425641036972,,,b6e31466d9588970,mitigation,,,"Process RSS sampled every 10ms; includes imported dependencies, may miss short peaks",,,-1.912750000000002,0.03655371794815232,0.011618602915415468,,circuit-level local Markov channels; ideal basis measurement + readout flips,,,,,,421326848,,0.02,2,-1.6260000000000001,0.2501962820518495,0.0020961961961961963,,,,,421306368,0.06827789999078959,3,1000,,,,,,,,9000,,,,0.06927889998769388
,,equal,,,pennylane.default.mixed + independent Pauli binomial measurement,,,,,9000,,,,,,,,,-1.5973333333333333,0.27886294871851636,,,,richardson,,,,,,9,,,True,,-1.8761962820518496,0.14725000000000144,,,a8ae68ad9c7c535d,mitigation,,,"Process RSS sampled every 10ms; includes imported dependencies, may miss short peaks",,,-1.7972500000000013,0.07894628205184828,0.01126811367617623,,circuit-level local Markov channels; ideal basis measurement + readout flips,,,,,,421326848,,0.02,2,-1.65,0.22619628205184972,0.002044408408408409,,,,,421306368,0.06350679998286068,4,1000,,,,,,,,9000,,,,0.06437919999007136
,,equal,,,pennylane.default.mixed + independent Pauli binomial measurement,,,,,90000,,,,,,,,,-1.634866666666667,0.24132961538518272,,,,linear,,,,,,9,,,True,,-1.8761962820518496,0.13813333333333389,,,8a26e8247de8643f,mitigation,,,"Process RSS sampled every 10ms; includes imported dependencies, may miss short peaks",,,-1.758733333333334,0.1174629487185157,0.0003173629353490907,,circuit-level local Markov channels; ideal basis measurement + readout flips,,,,,,421326848,,0.02,2,-1.6206,0.2555962820518496,0.00020923896789678967,,,,,421306368,0.05803200002992526,0,10000,,,,,,,,90000,,,,0.05890549998730421
,,equal,,,pennylane.default.mixed + independent Pauli binomial measurement,,,,,90000,,,,,,,,,-1.6232,0.25299628205184965,,,,linear,,,,,,9,,,True,,-1.8761962820518496,0.13581666666666758,,,da42854c0d009e38,mitigation,,,"Process RSS sampled every 10ms; includes imported dependencies, may miss short peaks",,,-1.7880166666666677,0.08817961538518193,0.0003141335654954386,,circuit-level local Markov channels; ideal basis measurement + readout flips,,,,,,421326848,,0.02,2,-1.6522000000000001,0.22399628205184952,0.00020606065006500648,,,,,421306368,0.058371499995701015,1,10000,,,,,,,,90000,,,,0.059272599988617
,,equal,,,pennylane.default.mixed + independent Pauli binomial measurement,,,,,90000,,,,,,,,,-1.6327999999999998,0.24339628205184982,,,,linear,,,,,,9,,,True,,-1.8761962820518496,0.13676666666666715,,,9075dde1d11b368c,mitigation,,,"Process RSS sampled every 10ms; includes imported dependencies, may miss short peaks",,,-1.7737666666666672,0.10242961538518247,0.0003156631555377762,,circuit-level local Markov channels; ideal basis measurement + readout flips,,,,,,421326848,,0.02,2,-1.637,0.23919628205184962,0.0002075714091409141,,,,,421306368,0.050541199976578355,2,10000,,,,,,,,90000,,,,0.051399100048001856
,,equal,,,pennylane.default.mixed + independent Pauli binomial measurement,,,,,90000,,,,,,,,,-1.6429999999999998,0.23319628205184983,,,,linear,,,,,,9,,,True,,-1.8761962820518496,0.13458333333333394,,,34f15c42c99b41ec,mitigation,,,"Process RSS sampled every 10ms; includes imported dependencies, may miss short peaks",,,-1.783383333333334,0.09281294871851564,0.0003144820025058063,,circuit-level local Markov channels; ideal basis measurement + readout flips,,,,,,421326848,,0.02,2,-1.6488,0.22739628205184959,0.00020619885988598858,,,,,421306368,0.06330330000491813,3,10000,,,,,,,,90000,,,,0.06433999998262152
,,equal,,,pennylane.default.mixed + independent Pauli binomial measurement,,,,,90000,,,,,,,,,-1.6241333333333334,0.2520629487185162,,,,linear,,,,,,9,,,True,,-1.8761962820518496,0.14063333333333405,,,f9fb217f584b8246,mitigation,,,"Process RSS sampled every 10ms; includes imported dependencies, may miss short peaks",,,-1.7560333333333342,0.1201629487185154,0.0003177479247924795,,circuit-level local Markov channels; ideal basis measurement + readout flips,,,,,,421326848,,0.02,2,-1.6154000000000002,0.26079628205184946,0.0002094578297829783,,,,,421306368,0.06954639998730272,4,10000,,,,,,,,90000,,,,0.0703990000183694
,,equal,,,pennylane.default.mixed + independent Pauli binomial measurement,,,,,90000,,,,,,,,,-1.634866666666667,0.24132961538518272,,,,richardson,,,,,,9,,,True,,-1.8761962820518496,0.1650500000000017,,,5c9db9162a3b5bfb,mitigation,,,"Process RSS sampled every 10ms; includes imported dependencies, may miss short peaks",,,-1.7856500000000017,0.09054628205184789,0.0011450893383088362,,circuit-level local Markov channels; ideal basis measurement + readout flips,,,,,,421326848,,0.02,2,-1.6206,0.2555962820518496,0.00020923896789678967,,,,,421306368,0.052073200000450015,0,10000,,,,,,,,90000,,,,0.05307529994752258
,,equal,,,pennylane.default.mixed + independent Pauli binomial measurement,,,,,90000,,,,,,,,,-1.6232,0.25299628205184965,,,,richardson,,,,,,9,,,True,,-1.8761962820518496,0.21701756410369732,,,9b83e9dfad89315c,mitigation,,,"Process RSS sampled every 10ms; includes imported dependencies, may miss short peaks",,,-1.8831750000000018,0.006978717948152191,0.0011388059399064958,,circuit-level local Markov channels; ideal basis measurement + readout flips,,,,,,421326848,,0.02,2,-1.6522000000000001,0.22399628205184952,0.00020606065006500648,,,,,421306368,0.04637449997244403,1,10000,,,,,,,,90000,,,,0.04732000001240522
,,equal,,,pennylane.default.mixed + independent Pauli binomial measurement,,,,,90000,,,,,,,,,-1.6327999999999998,0.24339628205184982,,,,richardson,,,,,,9,,,True,,-1.8761962820518496,0.2039000000000022,,,b53da9674a463ce5,mitigation,,,"Process RSS sampled every 10ms; includes imported dependencies, may miss short peaks",,,-1.8409000000000022,0.03529628205184743,0.0011424043091809233,,circuit-level local Markov channels; ideal basis measurement + readout flips,,,,,,421326848,,0.02,2,-1.637,0.23919628205184962,0.0002075714091409141,,,,,421306368,0.05808470002375543,2,10000,,,,,,,,90000,,,,0.05898100003832951
,,equal,,,pennylane.default.mixed + independent Pauli binomial measurement,,,,,90000,,,,,,,,,-1.6429999999999998,0.23319628205184983,,,,richardson,,,,,,9,,,True,,-1.8761962820518496,0.2149175641036969,,,80c807831ced35c7,mitigation,,,"Process RSS sampled every 10ms; includes imported dependencies, may miss short peaks",,,-1.8886750000000023,0.012478717948152696,0.001141237497437249,,circuit-level local Markov channels; ideal basis measurement + readout flips,,,,,,421326848,,0.02,2,-1.6488,0.22739628205184959,0.00020619885988598858,,,,,421306368,0.06426460004877299,3,10000,,,,,,,,90000,,,,0.06534069997724146
,,equal,,,pennylane.default.mixed + independent Pauli binomial measurement,,,,,90000,,,,,,,,,-1.6241333333333334,0.2520629487185162,,,,richardson,,,,,,9,,,True,,-1.8761962820518496,0.1590000000000018,,,5321d817d53d089a,mitigation,,,"Process RSS sampled every 10ms; includes imported dependencies, may miss short peaks",,,-1.774400000000002,0.10179628205184765,0.0011473002190219076,,circuit-level local Markov channels; ideal basis measurement + readout flips,,,,,,421330944,,0.02,2,-1.6154000000000002,0.26079628205184946,0.0002094578297829783,,,,,421310464,0.04350630001863465,4,10000,,,,,,,,90000,,,,0.044426799984648824
,,equal,,,pennylane.default.mixed + independent Pauli binomial measurement,,,,,900,,,,,,,,,-1.0533333333333332,0.8228629487185164,,,,linear,,,,,,9,,,True,,-1.8761962820518496,0.07000000000000028,,,ce6567e62079d305,mitigation,,,"Process RSS sampled every 10ms; includes imported dependencies, may miss short peaks",,,-0.7100000000000003,1.1661962820518492,0.042082042648709336,,circuit-level local Markov channels; ideal basis measurement + readout flips,,,,,,421330944,,0.1,2,-0.6400000000000001,1.2361962820518495,0.02856565656565656,,,,,421310464,0.05126689997268841,0,100,,,,,,,,900,,,,0.052196200005710125
,,equal,,,pennylane.default.mixed + independent Pauli binomial measurement,,,,,900,,,,,,,,,-0.9933333333333332,0.8828629487185164,,,,linear,,,,,,9,,,True,,-1.8761962820518496,0.2250000000000003,,,43c6b3efd37e8b26,mitigation,,,"Process RSS sampled every 10ms; includes imported dependencies, may miss short peaks",,,-1.3250000000000002,0.5511962820518495,0.038227861952861986,,circuit-level local Markov channels; ideal basis measurement + readout flips,,,,,,421330944,,0.1,2,-1.0999999999999999,0.7761962820518498,0.025321212121212123,,,,,421310464,0.060961199982557446,1,100,,,,,,,,900,,,,0.0621963000157848
,,equal,,,pennylane.default.mixed + independent Pauli binomial measurement,,,,,900,,,,,,,,,-0.8466666666666665,1.0295296153851832,,,,linear,,,,,,9,,,True,,-1.8761962820518496,0.081666666666667,,,0f1248560a9371ef,mitigation,,,"Process RSS sampled every 10ms; includes imported dependencies, may miss short peaks",,,-0.7216666666666671,1.1545296153851825,0.04199576318742988,,circuit-level local Markov channels; ideal basis measurement + readout flips,,,,,,421330944,,0.1,2,-0.6400000000000001,1.2361962820518495,0.02854949494949495,,,,,421310464,0.07550249999621883,2,100,,,,,,,,900,,,,0.07649409997975454
,,equal,,,pennylane.default.mixed + independent Pauli binomial measurement,,,,,900,,,,,,,,,-0.9600000000000002,0.9161962820518494,,,,linear,,,,,,9,,,True,,-1.8761962820518496,0.27666666666666706,,,08d77f671ce1125b,mitigation,,,"Process RSS sampled every 10ms; includes imported dependencies, may miss short peaks",,,-1.276666666666667,0.5995296153851826,0.03992025813692483,,circuit-level local Markov channels; ideal basis measurement + readout flips,,,,,,421330944,,0.1,2,-1.0,0.8761962820518496,0.02673131313131313,,,,,421310464,0.05186659999890253,3,100,,,,,,,,900,,,,0.05280020000645891
,,equal,,,pennylane.default.mixed + independent Pauli binomial measurement,,,,,900,,,,,,,,,-0.8533333333333335,1.0228629487185161,,,,linear,,,,,,9,,,True,,-1.8761962820518496,0.046666666666666856,,,8370dca121943c04,mitigation,,,"Process RSS sampled every 10ms; includes imported dependencies, may miss short peaks",,,-0.42666666666666697,1.4495296153851827,0.04332351290684626,,circuit-level local Markov channels; ideal basis measurement + readout flips,,,,,,421330944,,0.1,2,-0.3800000000000001,1.4961962820518495,0.029717171717171715,,,,,421310464,0.0793656000168994,4,100,,,,,,,,900,,,,0.0806010999949649
,,equal,,,pennylane.default.mixed + independent Pauli binomial measurement,,,,,900,,,,,,,,,-1.0533333333333332,0.8228629487185164,,,,richardson,,,,,,9,,,True,,-1.8761962820518496,0.5450000000000021,,,cfebaff33d682782,mitigation,,,"Process RSS sampled every 10ms; includes imported dependencies, may miss short peaks",,,-1.1850000000000023,0.6911962820518474,0.15146691919191987,,circuit-level local Markov channels; ideal basis measurement + readout flips,,,,,,421330944,,0.1,2,-0.6400000000000001,1.2361962820518495,0.02856565656565656,,,,,421310464,0.07086649996927008,0,100,,,,,,,,900,,,,0.07198750000679865
,,equal,,,pennylane.default.mixed + independent Pauli binomial measurement,,,,,900,,,,,,,,,-0.9933333333333332,0.8828629487185164,,,,richardson,,,,,,9,,,True,,-1.8761962820518496,0.36750000000000194,,,22e6c8af5572b716,mitigation,,,"Process RSS sampled every 10ms; includes imported dependencies, may miss short peaks",,,-1.4675000000000018,0.4086962820518478,0.13918415404040468,,circuit-level local Markov channels; ideal basis measurement + readout flips,,,,,,421330944,,0.1,2,-1.0999999999999999,0.7761962820518498,0.025321212121212123,,,,,421310464,0.08535589999519289,1,100,,,,,,,,900,,,,0.0868307999917306
,,equal,,,pennylane.default.mixed + independent Pauli binomial measurement,,,,,900,,,,,,,,,-0.8466666666666665,1.0295296153851832,,,,richardson,,,,,,9,,,True,,-1.8761962820518496,0.19250000000000078,,,58d2302a4022b5fc,mitigation,,,"Process RSS sampled every 10ms; includes imported dependencies, may miss short peaks",,,-0.832500000000001,1.0436962820518487,0.1509748106060613,,circuit-level local Markov channels; ideal basis measurement + readout flips,,,,,,421330944,,0.1,2,-0.6400000000000001,1.2361962820518495,0.02854949494949495,,,,,421310464,0.07772000000113621,2,100,,,,,,,,900,,,,0.07895819999976084
,,equal,,,pennylane.default.mixed + independent Pauli binomial measurement,,,,,900,,,,,,,,,-0.9600000000000002,0.9161962820518494,,,,richardson,,,,,,9,,,True,,-1.8761962820518496,0.34000000000000186,,,45e9e287b2c47bd8,mitigation,,,"Process RSS sampled every 10ms; includes imported dependencies, may miss short peaks",,,-1.3400000000000019,0.5361962820518478,0.14474305555555622,,circuit-level local Markov channels; ideal basis measurement + readout flips,,,,,,421330944,,0.1,2,-1.0,0.8761962820518496,0.02673131313131313,,,,,421310464,0.08778280002297834,3,100,,,,,,,,900,,,,0.08922839997103438
,,equal,,,pennylane.default.mixed + independent Pauli binomial measurement,,,,,900,,,,,,,,,-0.8533333333333335,1.0228629487185161,,,,richardson,,,,,,9,,,False,,-1.8761962820518496,-0.08000000000000007,,,6900716e0b5c656e,mitigation,,,"Process RSS sampled every 10ms; includes imported dependencies, may miss short peaks",,,-0.30000000000000004,1.5761962820518496,0.15448017676767745,,circuit-level local Markov channels; ideal basis measurement + readout flips,,,,,,421330944,,0.1,2,-0.3800000000000001,1.4961962820518495,0.029717171717171715,,,,,421310464,0.09196480002719909,4,100,,,,,,,,900,,,,0.09316889999900013
,,equal,,,pennylane.default.mixed + independent Pauli binomial measurement,,,,,9000,,,,,,,,,-0.9213333333333331,0.9548629487185165,,,,linear,,,,,,9,,,True,,-1.8761962820518496,0.11783333333333357,,,79fcd4d53219da93,mitigation,,,"Process RSS sampled every 10ms; includes imported dependencies, may miss short peaks",,,-0.9698333333333337,0.906362948718516,0.00407061686686687,,circuit-level local Markov channels; ideal basis measurement + readout flips,,,,,,421330944,,0.1,2,-0.8520000000000001,1.0241962820518495,0.0027466426426426428,,,,,421310464,0.09637420001672581,0,1000,,,,,,,,9000,,,,0.09758140001213178
,,equal,,,pennylane.default.mixed + independent Pauli binomial measurement,,,,,9000,,,,,,,,,-0.8686666666666667,1.007529615385183,,,,linear,,,,,,9,,,True,,-1.8761962820518496,0.07216666666666693,,,7a256e5eda48df80,mitigation,,,"Process RSS sampled every 10ms; includes imported dependencies, may miss short peaks",,,-1.032166666666667,0.8440296153851827,0.003999214909353801,,circuit-level local Markov channels; ideal basis measurement + readout flips,,,,,,421330944,,0.1,2,-0.96,0.9161962820518497,0.002687079079079079,,,,,421310464,0.05689780000830069,1,1000,,,,,,,,9000,,,,0.058019999996759
,,equal,,,pennylane.default.mixed + independent Pauli binomial measurement,,,,,9000,,,,,,,,,-0.8999999999999999,0.9761962820518497,,,,linear,,,,,,9,,,True,,-1.8761962820518496,0.07083333333333341,,,4193096a25df1965,mitigation,,,"Process RSS sampled every 10ms; includes imported dependencies, may miss short peaks",,,-0.9468333333333335,0.9293629487185161,0.004051310060060063,,circuit-level local Markov channels; ideal basis measurement + readout flips,,,,,,421330944,,0.1,2,-0.8760000000000001,1.0001962820518495,0.002731075075075075,,,,,421310464,0.052716400008648634,2,1000,,,,,,,,9000,,,,0.05364880000706762
,,equal,,,pennylane.default.mixed + independent Pauli binomial measurement,,,,,9000,,,,,,,,,-0.9386666666666668,0.9375296153851829,,,,linear,,,,,,9,,,True,,-1.8761962820518496,0.09950000000000025,,,da628d151d5d7c2b,mitigation,,,"Process RSS sampled every 10ms; includes imported dependencies, may miss short peaks",,,-0.9955000000000004,0.8806962820518492,0.004049593065287512,,circuit-level local Markov channels; ideal basis measurement + readout flips,,,,,,421330944,,0.1,2,-0.8960000000000001,0.9801962820518495,0.002726062062062062,,,,,421310464,0.06787130003795028,3,1000,,,,,,,,9000,,,,0.06967150000855327
,,equal,,,pennylane.default.mixed + independent Pauli binomial measurement,,,,,9000,,,,,,,,,-0.8659999999999999,1.0101962820518497,,,,linear,,,,,,9,,,True,,-1.8761962820518496,0.12616666666666698,,,072aed3e2c70d8f0,mitigation,,,"Process RSS sampled every 10ms; includes imported dependencies, may miss short peaks",,,-0.9681666666666671,0.9080296153851826,0.004036345539984432,,circuit-level local Markov channels; ideal basis measurement + readout flips,,,,,,421330944,,0.1,2,-0.8420000000000001,1.0341962820518495,0.002717713713713714,,,,,421310464,0.05353490001289174,4,1000,,,,,,,,9000,,,,0.05466359999263659
,,equal,,,pennylane.default.mixed + independent Pauli binomial measurement,,,,,9000,,,,,,,,,-0.9213333333333331,0.9548629487185165,,,,richardson,,,,,,9,,,True,,-1.8761962820518496,0.3632500000000023,,,d4426df4c88d3efc,mitigation,,,"Process RSS sampled every 10ms; includes imported dependencies, may miss short peaks",,,-1.2152500000000024,0.6609462820518472,0.014693503315815882,,circuit-level local Markov channels; ideal basis measurement + readout flips,,,,,,421330944,,0.1,2,-0.8520000000000001,1.0241962820518495,0.0027466426426426428,,,,,421310464,0.05746979999821633,0,1000,,,,,,,,9000,,,,0.058534400013741106
,,equal,,,pennylane.default.mixed + independent Pauli binomial measurement,,,,,9000,,,,,,,,,-0.8686666666666667,1.007529615385183,,,,richardson,,,,,,9,,,True,,-1.8761962820518496,0.5962500000000026,,,2188bc39b0935934,mitigation,,,"Process RSS sampled every 10ms; includes imported dependencies, may miss short peaks",,,-1.5562500000000026,0.31994628205184705,0.014498564376876943,,circuit-level local Markov channels; ideal basis measurement + readout flips,,,,,,421330944,,0.1,2,-0.96,0.9161962820518497,0.002687079079079079,,,,,421310464,0.07082720001926646,1,1000,,,,,,,,9000,,,,0.07181519997538999
,,equal,,,pennylane.default.mixed + independent Pauli binomial measurement,,,,,9000,,,,,,,,,-0.8999999999999999,0.9761962820518497,,,,richardson,,,,,,9,,,True,,-1.8761962820518496,0.47775000000000256,,,e6045c79332f503a,mitigation,,,"Process RSS sampled every 10ms; includes imported dependencies, may miss short peaks",,,-1.3537500000000027,0.522446282051847,0.014642308746246313,,circuit-level local Markov channels; ideal basis measurement + readout flips,,,,,,421330944,,0.1,2,-0.8760000000000001,1.0001962820518495,0.002731075075075075,,,,,421310464,0.05794810003135353,2,1000,,,,,,,,9000,,,,0.05898579995846376
,,equal,,,pennylane.default.mixed + independent Pauli binomial measurement,,,,,9000,,,,,,,,,-0.9386666666666668,0.9375296153851829,,,,richardson,,,,,,9,,,True,,-1.8761962820518496,0.5507500000000027,,,d3de5bc4a60823ec,mitigation,,,"Process RSS sampled every 10ms; includes imported dependencies, may miss short peaks",,,-1.4467500000000029,0.42944628205184676,0.014653518080580647,,circuit-level local Markov channels; ideal basis measurement + readout flips,,,,,,421330944,,0.1,2,-0.8960000000000001,0.9801962820518495,0.002726062062062062,,,,,421310464,0.04626639996422455,3,1000,,,,,,,,9000,,,,0.04717870004242286
,,equal,,,pennylane.default.mixed + independent Pauli binomial measurement,,,,,9000,,,,,,,,,-0.8659999999999999,1.0101962820518497,,,,richardson,,,,,,9,,,True,,-1.8761962820518496,0.32725000000000204,,,632a3b79de811d50,mitigation,,,"Process RSS sampled every 10ms; includes imported dependencies, may miss short peaks",,,-1.1692500000000021,0.7069462820518475,0.014589040978478546,,circuit-level local Markov channels; ideal basis measurement + readout flips,,,,,,421330944,,0.1,2,-0.8420000000000001,1.0341962820518495,0.002717713713713714,,,,,421310464,0.049160399998072535,4,1000,,,,,,,,9000,,,,0.05027209996478632
,,equal,,,pennylane.default.mixed + independent Pauli binomial measurement,,,,,90000,,,,,,,,,-0.9059999999999999,0.9701962820518497,,,,linear,,,,,,9,,,True,,-1.8761962820518496,0.11470000000000047,,,b214d2d3f7aa225e,mitigation,,,"Process RSS sampled every 10ms; includes imported dependencies, may miss short peaks",,,-1.0045000000000006,0.871696282051849,0.0004039246087942131,,circuit-level local Markov channels; ideal basis measurement + readout flips,,,,,,421330944,,0.1,2,-0.8898000000000001,0.9863962820518495,0.0002720667546754676,,,,,421310464,0.07858490000944585,0,10000,,,,,,,,90000,,,,0.07966520002810284
,,equal,,,pennylane.default.mixed + independent Pauli binomial measurement,,,,,90000,,,,,,,,,-0.8934,0.9827962820518497,,,,linear,,,,,,9,,,True,,-1.8761962820518496,0.11185000000000023,,,ab6a851c8c8972ea,mitigation,,,"Process RSS sampled every 10ms; includes imported dependencies, may miss short peaks",,,-1.0368500000000003,0.8393462820518494,0.00040183141900301177,,circuit-level local Markov channels; ideal basis measurement + readout flips,,,,,,421330944,,0.1,2,-0.925,0.9511962820518496,0.0002701674607460746,,,,,421310464,0.049509999982547015,1,10000,,,,,,,,90000,,,,0.05037489999085665
,,equal,,,pennylane.default.mixed + independent Pauli binomial measurement,,,,,90000,,,,,,,,,-0.9031333333333333,0.9730629487185163,,,,linear,,,,,,9,,,True,,-1.8761962820518496,0.11245000000000038,,,6f6fc8dd26a3db2f,mitigation,,,"Process RSS sampled every 10ms; includes imported dependencies, may miss short peaks",,,-1.0210500000000005,0.8551462820518492,0.0004028091346079055,,circuit-level local Markov channels; ideal basis measurement + readout flips,,,,,,421330944,,0.1,2,-0.9086000000000001,0.9675962820518496,0.000271058397839784,,,,,421310464,0.057663099956698716,2,10000,,,,,,,,90000,,,,0.0586291000363417
,,equal,,,pennylane.default.mixed + independent Pauli binomial measurement,,,,,90000,,,,,,,,,-0.9102000000000001,0.9659962820518495,,,,linear,,,,,,9,,,True,,-1.8761962820518496,0.10843333333333383,,,2d1aecb8c88de727,mitigation,,,"Process RSS sampled every 10ms; includes imported dependencies, may miss short peaks",,,-1.0116333333333338,0.8645629487185158,0.00040338849834983527,,circuit-level local Markov channels; ideal basis measurement + readout flips,,,,,,421330944,,0.1,2,-0.9032,0.9729962820518496,0.00027147370737073707,,,,,421310464,0.05834310001228005,3,10000,,,,,,,,90000,,,,0.05926900001941249
,,equal,,,pennylane.default.mixed + independent Pauli binomial measurement,,,,,90000,,,,,,,,,-0.8934,0.9827962820518497,,,,linear,,,,,,9,,,True,,-1.8761962820518496,0.1178166666666669,,,4196499358c5af81,mitigation,,,"Process RSS sampled every 10ms; includes imported dependencies, may miss short peaks",,,-1.018616666666667,0.8575796153851827,0.0004034629089853432,,circuit-level local Markov channels; ideal basis measurement + readout flips,,,,,,421330944,,0.1,2,-0.9008,0.9753962820518496,0.00027163601960196015,,,,,421310464,0.06879140000091866,4,10000,,,,,,,,90000,,,,0.06974970002193004
,,equal,,,pennylane.default.mixed + independent Pauli binomial measurement,,,,,90000,,,,,,,,,-0.9059999999999999,0.9701962820518497,,,,richardson,,,,,,9,,,True,,-1.8761962820518496,0.4177500000000023,,,8bdd24a81d19cfca,mitigation,,,"Process RSS sampled every 10ms; includes imported dependencies, may miss short peaks",,,-1.3075500000000024,0.5686462820518472,0.0014597305080508117,,circuit-level local Markov channels; ideal basis measurement + readout flips,,,,,,421330944,,0.1,2,-0.8898000000000001,0.9863962820518495,0.0002720667546754676,,,,,421310464,0.046259499969892204,0,10000,,,,,,,,90000,,,,0.047086099977605045
,,equal,,,pennylane.default.mixed + independent Pauli binomial measurement,,,,,90000,,,,,,,,,-0.8934,0.9827962820518497,,,,richardson,,,,,,9,,,True,,-1.8761962820518496,0.49137500000000234,,,178ae8947d1fa9b2,mitigation,,,"Process RSS sampled every 10ms; includes imported dependencies, may miss short peaks",,,-1.4163750000000024,0.45982128205184725,0.0014543961885563623,,circuit-level local Markov channels; ideal basis measurement + readout flips,,,,,,421330944,,0.1,2,-0.925,0.9511962820518496,0.0002701674607460746,,,,,421310464,0.05040270002791658,1,10000,,,,,,,,90000,,,,0.051361599995289
,,equal,,,pennylane.default.mixed + independent Pauli binomial measurement,,,,,90000,,,,,,,,,-0.9031333333333333,0.9730629487185163,,,,richardson,,,,,,9,,,True,,-1.8761962820518496,0.4625250000000023,,,8988a6f9cbb3c1ae,mitigation,,,"Process RSS sampled every 10ms; includes imported dependencies, may miss short peaks",,,-1.3711250000000024,0.5050712820518473,0.0014570152748399907,,circuit-level local Markov channels; ideal basis measurement + readout flips,,,,,,421330944,,0.1,2,-0.9086000000000001,0.9675962820518496,0.000271058397839784,,,,,421310464,0.06092839996563271,2,10000,,,,,,,,90000,,,,0.061706700013019145
,,equal,,,pennylane.default.mixed + independent Pauli binomial measurement,,,,,90000,,,,,,,,,-0.9102000000000001,0.9659962820518495,,,,richardson,,,,,,9,,,True,,-1.8761962820518496,0.486850000000002,,,12e17525df321a91,mitigation,,,"Process RSS sampled every 10ms; includes imported dependencies, may miss short peaks",,,-1.390050000000002,0.4861462820518476,0.0014594307424492514,,circuit-level local Markov channels; ideal basis measurement + readout flips,,,,,,421330944,,0.1,2,-0.9032,0.9729962820518496,0.00027147370737073707,,,,,421310464,0.07627690001390874,3,10000,,,,,,,,90000,,,,0.07749200001126155
,,equal,,,pennylane.default.mixed + independent Pauli binomial measurement,,,,,90000,,,,,,,,,-0.8934,0.9827962820518497,,,,richardson,,,,,,9,,,True,,-1.8761962820518496,0.42862500000000203,,,4ce0c9dc43743371,mitigation,,,"Process RSS sampled every 10ms; includes imported dependencies, may miss short peaks",,,-1.329425000000002,0.5467712820518476,0.0014588592569882053,,circuit-level local Markov channels; ideal basis measurement + readout flips,,,,,,421330944,,0.1,2,-0.9008,0.9753962820518496,0.00027163601960196015,,,,,421310464,0.04597239999566227,4,10000,,,,,,,,90000,,,,0.04677869996521622
,,equal,,,pennylane.default.mixed + independent Pauli binomial measurement,,,,,1500,,,,,,,,,-3.3666666666666667,0.24096526782941652,,,,linear,,,,,,9,,,True,,-3.12570139883725,0.0799999999999983,,,eac6ac36920b3ecd,mitigation,,,"Process RSS sampled every 10ms; includes imported dependencies, may miss short peaks",,,-3.360000000000001,0.23429860116275103,0.03936004489337826,,circuit-level local Markov channels; ideal basis measurement + readout flips,,,,,,421330944,,0.0,3,-3.4399999999999995,0.3142986011627493,0.026513131313131315,,,,,421310464,0.030631300003733486,0,100,,,,,,,,1500,,,,0.03163529996527359
,,equal,,,pennylane.default.mixed + independent Pauli binomial measurement,,,,,1500,,,,,,,,,-3.0,0.12570139883725018,,,,linear,,,,,,9,,,True,,-3.12570139883725,1.3322676295501878e-15,,,ec14846bf9076fc2,mitigation,,,"Process RSS sampled every 10ms; includes imported dependencies, may miss short peaks",,,-2.9800000000000018,0.14570139883724842,0.04507020202020206,,circuit-level local Markov channels; ideal basis measurement + readout flips,,,,,,421330944,,0.0,3,-2.9800000000000004,0.14570139883724975,0.03148686868686869,,,,,421310464,0.030716099950950593,1,100,,,,,,,,1500,,,,0.03159959998447448
,,equal,,,pennylane.default.mixed + independent Pauli binomial measurement,,,,,1500,,,,,,,,,-3.0999999999999996,0.025701398837250533,,,,linear,,,,,,9,,,True,,-3.12570139883725,0.003333333333332078,,,89fbe9a52dfb8d62,mitigation,,,"Process RSS sampled every 10ms; includes imported dependencies, may miss short peaks",,,-3.236666666666668,0.11096526782941796,0.04177895622895626,,circuit-level local Markov channels; ideal basis measurement + readout flips,,,,,,421330944,,0.0,3,-3.24,0.11429860116275004,0.028298989898989903,,,,,421310464,0.03254540002672002,2,100,,,,,,,,1500,,,,0.03353870002320036
,,equal,,,pennylane.default.mixed + independent Pauli binomial measurement,,,,,1500,,,,,,,,,-3.08,0.04570139883725011,,,,linear,,,,,,9,,,True,,-3.12570139883725,0.07166666666666544,,,f535dd588f289c22,mitigation,,,"Process RSS sampled every 10ms; includes imported dependencies, may miss short peaks",,,-3.1883333333333344,0.06263193449608417,0.04045014029180698,,circuit-level local Markov channels; ideal basis measurement + readout flips,,,,,,421330944,,0.0,3,-3.26,0.1342986011627496,0.027494949494949492,,,,,421310464,0.028074199974071234,3,100,,,,,,,,1500,,,,0.028968699974939227
,,equal,,,pennylane.default.mixed + independent Pauli binomial measurement,,,,,1500,,,,,,,,,-3.1399999999999997,0.014298601162749502,,,,linear,,,,,,9,,,False,,-3.12570139883725,-0.034999999999998366,,,a32b97e31bd836a2,mitigation,,,"Process RSS sampled every 10ms; includes imported dependencies, may miss short peaks",,,-2.8850000000000016,0.24070139883724861,0.046013327721661085,,circuit-level local Markov channels; ideal basis measurement + readout flips,,,,,,421330944,,0.0,3,-2.92,0.20570139883725025,0.03192727272727273,,,,,421310464,0.047635900031309575,4,100,,,,,,,,1500,,,,0.048618200002238154
,,equal,,,pennylane.default.mixed + independent Pauli binomial measurement,,,,,1500,,,,,,,,,-3.3666666666666667,0.24096526782941652,,,,richardson,,,,,,9,,,False,,-3.12570139883725,-0.49000000000000377,,,ca1f93ad2d3f2ae8,mitigation,,,"Process RSS sampled every 10ms; includes imported dependencies, may miss short peaks",,,-3.9300000000000033,0.8042986011627531,0.1454252525252532,,circuit-level local Markov channels; ideal basis measurement + readout flips,,,,,,421330944,,0.0,3,-3.4399999999999995,0.3142986011627493,0.026513131313131315,,,,,421310464,0.038878099992871284,0,100,,,,,,,,1500,,,,0.03991039999527857
,,equal,,,pennylane.default.mixed + independent Pauli binomial measurement,,,,,1500,,,,,,,,,-3.0,0.12570139883725018,,,,richardson,,,,,,9,,,False,,-3.12570139883725,-0.2849999999999997,,,48b8d6cff87be475,mitigation,,,"Process RSS sampled every 10ms; includes imported dependencies, may miss short peaks",,,-2.6950000000000007,0.43070139883724945,0.15838169191919263,,circuit-level local Markov channels; ideal basis measurement + readout flips,,,,,,421330944,,0.0,3,-2.9800000000000004,0.14570139883724975,0.03148686868686869,,,,,421310464,0.04085839999606833,1,100,,,,,,,,1500,,,,0.04182530002435669
,,equal,,,pennylane.default.mixed + independent Pauli binomial measurement,,,,,1500,,,,,,,,,-3.0999999999999996,0.025701398837250533,,,,richardson,,,,,,9,,,False,,-3.12570139883725,-0.15500000000000247,,,02837de3aa13debf,mitigation,,,"Process RSS sampled every 10ms; includes imported dependencies, may miss short peaks",,,-3.3950000000000027,0.2692986011627525,0.15096578282828355,,circuit-level local Markov channels; ideal basis measurement + readout flips,,,,,,421330944,,0.0,3,-3.24,0.11429860116275004,0.028298989898989903,,,,,421310464,0.045514199999161065,2,100,,,,,,,,1500,,,,0.0467816999880597
,,equal,,,pennylane.default.mixed + independent Pauli binomial measurement,,,,,1500,,,,,,,,,-3.08,0.04570139883725011,,,,richardson,,,,,,9,,,False,,-3.12570139883725,-0.19750000000000245,,,15b90f6a5166fb90,mitigation,,,"Process RSS sampled every 10ms; includes imported dependencies, may miss short peaks",,,-3.4575000000000022,0.33179860116275206,0.14777948232323299,,circuit-level local Markov channels; ideal basis measurement + readout flips,,,,,,421330944,,0.0,3,-3.26,0.1342986011627496,0.027494949494949492,,,,,421310464,0.036769900005310774,3,100,,,,,,,,1500,,,,0.03800629999022931
,,equal,,,pennylane.default.mixed + independent Pauli binomial measurement,,,,,1500,,,,,,,,,-3.1399999999999997,0.014298601162749502,,,,richardson,,,,,,9,,,False,,-3.12570139883725,-0.08249999999999869,,,1a3d33cd7f0bb64b,mitigation,,,"Process RSS sampled every 10ms; includes imported dependencies, may miss short peaks",,,-2.8375000000000012,0.28820139883724893,0.16451130050505125,,circuit-level local Markov channels; ideal basis measurement + readout flips,,,,,,421330944,,0.0,3,-2.92,0.20570139883725025,0.03192727272727273,,,,,421310464,0.052055299980565906,4,100,,,,,,,,1500,,,,0.05310109996935353
,,equal,,,pennylane.default.mixed + independent Pauli binomial measurement,,,,,15000,,,,,,,,,-3.1033333333333335,0.02236806550391668,,,,linear,,,,,,9,,,False,,-3.12570139883725,-0.023833333333333595,,,164277adf727536c,mitigation,,,"Process RSS sampled every 10ms; includes imported dependencies, may miss short peaks",,,-3.1558333333333337,0.030131934496083534,0.004353151623846071,,circuit-level local Markov channels; ideal basis measurement + readout flips,,,,,,421330944,,0.0,3,-3.132,0.006298601162749939,0.002977177177177177,,,,,421310464,0.03352180001093075,0,1000,,,,,,,,15000,,,,0.034594599972479045
,,equal,,,pennylane.default.mixed + independent Pauli binomial measurement,,,,,15000,,,,,,,,,-3.0586666666666673,0.06703473217058287,,,,linear,,,,,,9,,,False,,-3.12570139883725,-0.022333333333333094,,,7243fce89513a5d3,mitigation,,,"Process RSS sampled every 10ms; includes imported dependencies, may miss short peaks",,,-3.091666666666667,0.03403473217058339,0.004387864141919701,,circuit-level local Markov channels; ideal basis measurement + readout flips,,,,,,421330944,,0.0,3,-3.114,0.011701398837250299,0.0030076516516516516,,,,,421310464,0.03500710002845153,1,1000,,,,,,,,15000,,,,0.03598109999438748
,,equal,,,pennylane.default.mixed + independent Pauli binomial measurement,,,,,15000,,,,,,,,,-3.1639999999999997,0.038298601162749524,,,,linear,,,,,,9,,,False,,-3.12570139883725,-0.008333333333332416,,,6f93dff8d93c7fc9,mitigation,,,"Process RSS sampled every 10ms; includes imported dependencies, may miss short peaks",,,-3.0836666666666677,0.04203473217058251,0.004381284395506621,,circuit-level local Markov channels; ideal basis measurement + readout flips,,,,,,421330944,,0.0,3,-3.092,0.033701398837250096,0.0030235915915915916,,,,,421310464,0.04826010001124814,2,1000,,,,,,,,15000,,,,0.049176700005773455
,,equal,,,pennylane.default.mixed + independent Pauli binomial measurement,,,,,15000,,,,,,,,,-3.154,0.028298601162749737,,,,linear,,,,,,9,,,False,,-3.12570139883725,-0.0024027976744993573,,,88e95cebab14e095,mitigation,,,"Process RSS sampled every 10ms; includes imported dependencies, may miss short peaks",,,-3.123000000000001,0.0027013988372490694,0.004370764597931267,,circuit-level local Markov channels; ideal basis measurement + readout flips,,,,,,421330944,,0.0,3,-3.126,0.00029860116274971205,0.002979095095095095,,,,,421310464,0.05195970000931993,3,1000,,,,,,,,15000,,,,0.05306210002163425
,,equal,,,pennylane.default.mixed + independent Pauli binomial measurement,,,,,15000,,,,,,,,,-3.1106666666666665,0.015034732170583709,,,,linear,,,,,,9,,,True,,-3.12570139883725,0.007000000000000561,,,3134598a1bace538,mitigation,,,"Process RSS sampled every 10ms; includes imported dependencies, may miss short peaks",,,-3.0710000000000006,0.05470139883724956,0.004432923812701594,,circuit-level local Markov channels; ideal basis measurement + readout flips,,,,,,421330944,,0.0,3,-3.064,0.06170139883725012,0.0030584104104104106,,,,,421310464,0.026163000031374395,4,1000,,,,,,,,15000,,,,0.027214400004595518
,,equal,,,pennylane.default.mixed + independent Pauli binomial measurement,,,,,15000,,,,,,,,,-3.1033333333333335,0.02236806550391668,,,,richardson,,,,,,9,,,False,,-3.12570139883725,-0.012652797674497673,,,596788e476290345,mitigation,,,"Process RSS sampled every 10ms; includes imported dependencies, may miss short peaks",,,-3.1067500000000026,0.018951398837247613,0.015564211273773844,,circuit-level local Markov channels; ideal basis measurement + readout flips,,,,,,421330944,,0.0,3,-3.132,0.006298601162749939,0.002977177177177177,,,,,421310464,0.03653350000968203,0,1000,,,,,,,,15000,,,,0.03744759998517111
,,equal,,,pennylane.default.mixed + independent Pauli binomial measurement,,,,,15000,,,,,,,,,-3.0586666666666673,0.06703473217058287,,,,richardson,,,,,,9,,,False,,-3.12570139883725,-0.03659720232550123,,,9e50a101227f62f1,mitigation,,,"Process RSS sampled every 10ms; includes imported dependencies, may miss short peaks",,,-3.1740000000000017,0.04829860116275153,0.015768438063063134,,circuit-level local Markov channels; ideal basis measurement + readout flips,,,,,,421330944,,0.0,3,-3.114,0.011701398837250299,0.0030076516516516516,,,,,421310464,0.03386620001401752,1,1000,,,,,,,,15000,,,,0.03491250000661239
,,equal,,,pennylane.default.mixed + independent Pauli binomial measurement,,,,,15000,,,,,,,,,-3.1639999999999997,0.038298601162749524,,,,richardson,,,,,,9,,,False,,-3.12570139883725,-0.07799999999999896,,,7c12342d1309cdf2,mitigation,,,"Process RSS sampled every 10ms; includes imported dependencies, may miss short peaks",,,-3.014000000000001,0.11170139883724906,0.01560056831831839,,circuit-level local Markov channels; ideal basis measurement + readout flips,,,,,,421330944,,0.0,3,-3.092,0.033701398837250096,0.0030235915915915916,,,,,421310464,0.03776699997251853,2,1000,,,,,,,,15000,,,,0.038635200005955994
,,equal,,,pennylane.default.mixed + independent Pauli binomial measurement,,,,,15000,,,,,,,,,-3.154,0.028298601162749737,,,,richardson,,,,,,9,,,False,,-3.12570139883725,-0.0825000000000018,,,008747890859cffc,mitigation,,,"Process RSS sampled every 10ms; includes imported dependencies, may miss short peaks",,,-3.2085000000000017,0.0827986011627515,0.015722109984985057,,circuit-level local Markov channels; ideal basis measurement + readout flips,,,,,,421330944,,0.0,3,-3.126,0.00029860116274971205,0.002979095095095095,,,,,421310464,0.023681299993768334,3,1000,,,,,,,,15000,,,,0.02448919997550547
,,equal,,,pennylane.default.mixed + independent Pauli binomial measurement,,,,,15000,,,,,,,,,-3.1106666666666665,0.015034732170583709,,,,richardson,,,,,,9,,,False,,-3.12570139883725,-0.10699999999999843,,,caa12a0a6bbd5a23,mitigation,,,"Process RSS sampled every 10ms; includes imported dependencies, may miss short peaks",,,-2.9570000000000016,0.16870139883724855,0.015742885135135207,,circuit-level local Markov channels; ideal basis measurement + readout flips,,,,,,421330944,,0.0,3,-3.064,0.06170139883725012,0.0030584104104104106,,,,,421310464,0.040309300005901605,4,1000,,,,,,,,15000,,,,0.04127909999806434
,,equal,,,pennylane.default.mixed + independent Pauli binomial measurement,,,,,150000,,,,,,,,,-3.1197333333333335,0.0059680655039167085,,,,linear,,,,,,9,,,False,,-3.12570139883725,-0.0010972023255004792,,,6b104b1985a291e9,mitigation,,,"Process RSS sampled every 10ms; includes imported dependencies, may miss short peaks",,,-3.131500000000001,0.005798601162750661,0.0004363274568567971,,circuit-level local Markov channels; ideal basis measurement + readout flips,,,,,,421330944,,0.0,3,-3.121,0.004701398837250181,0.0002991737613761376,,,,,421310464,0.05001200002152473,0,10000,,,,,,,,150000,,,,0.05123869999079034
,,equal,,,pennylane.default.mixed + independent Pauli binomial measurement,,,,,150000,,,,,,,,,-3.1035333333333335,0.0221680655039167,,,,linear,,,,,,9,,,True,,-3.12570139883725,0.0008499999999984631,,,bfa38b55abf326ec,mitigation,,,"Process RSS sampled every 10ms; includes imported dependencies, may miss short peaks",,,-3.1349500000000012,0.009248601162751058,0.0004345880353313113,,circuit-level local Markov channels; ideal basis measurement + readout flips,,,,,,421330944,,0.0,3,-3.1357999999999997,0.010098601162749521,0.0002975571357135714,,,,,421310464,0.03578380000544712,1,10000,,,,,,,,150000,,,,0.03671670000767335
,,equal,,,pennylane.default.mixed + independent Pauli binomial measurement,,,,,150000,,,,,,,,,-3.1356666666666664,0.009965267829416202,,,,linear,,,,,,9,,,False,,-3.12570139883725,-0.0008833333333351234,,,5659720b0907c7ae,mitigation,,,"Process RSS sampled every 10ms; includes imported dependencies, may miss short peaks",,,-3.129683333333335,0.003981934496084971,0.0004345334798757656,,circuit-level local Markov channels; ideal basis measurement + readout flips,,,,,,421330944,,0.0,3,-3.1288,0.0030986011627498478,0.0002979765416541654,,,,,421310464,0.02306979999411851,2,10000,,,,,,,,150000,,,,0.024097900022752583
,,equal,,,pennylane.default.mixed + independent Pauli binomial measurement,,,,,150000,,,,,,,,,-3.1365999999999996,0.010898601162749433,,,,linear,,,,,,9,,,False,,-3.12570139883725,-0.002716666666668033,,,2c80a3274251160e,mitigation,,,"Process RSS sampled every 10ms; includes imported dependencies, may miss short peaks",,,-3.1465166666666677,0.02081526782941756,0.0004327582334622353,,circuit-level local Markov channels; ideal basis measurement + readout flips,,,,,,421330944,,0.0,3,-3.1437999999999997,0.018098601162749528,0.00029594307030703066,,,,,421310464,0.026527000009082258,3,10000,,,,,,,,150000,,,,0.02741859998786822
,,equal,,,pennylane.default.mixed + independent Pauli binomial measurement,,,,,150000,,,,,,,,,-3.121933333333333,0.003768065503917395,,,,linear,,,,,,9,,,False,,-3.12570139883725,-0.002449999999999175,,,236d2d0dab382224,mitigation,,,"Process RSS sampled every 10ms; includes imported dependencies, may miss short peaks",,,-3.0787500000000008,0.046951398837249414,0.00044173065798246527,,circuit-level local Markov channels; ideal basis measurement + readout flips,,,,,,421330944,,0.0,3,-3.0812,0.04450139883725024,0.0003041552235223523,,,,,421310464,0.03651750000426546,4,10000,,,,,,,,150000,,,,0.037769599992316216
,,equal,,,pennylane.default.mixed + independent Pauli binomial measurement,,,,,150000,,,,,,,,,-3.1197333333333335,0.0059680655039167085,,,,richardson,,,,,,9,,,False,,-3.12570139883725,-0.027499999999997637,,,697a4c62e6adf38f,mitigation,,,"Process RSS sampled every 10ms; includes imported dependencies, may miss short peaks",,,-3.0935000000000024,0.03220139883724782,0.0015588102537753845,,circuit-level local Markov channels; ideal basis measurement + readout flips,,,,,,421330944,,0.0,3,-3.121,0.004701398837250181,0.0002991737613761376,,,,,421310464,0.03184960002545267,0,10000,,,,,,,,150000,,,,0.03286449995357543
,,equal,,,pennylane.default.mixed + independent Pauli binomial measurement,,,,,150000,,,,,,,,,-3.1035333333333335,0.0221680655039167,,,,richardson,,,,,,9,,,False,,-3.12570139883725,-0.021475000000001465,,,e47837a3c970422d,mitigation,,,"Process RSS sampled every 10ms; includes imported dependencies, may miss short peaks",,,-3.157275000000001,0.031573601162750986,0.0015571732505125584,,circuit-level local Markov channels; ideal basis measurement + readout flips,,,,,,421330944,,0.0,3,-3.1357999999999997,0.010098601162749521,0.0002975571357135714,,,,,421310464,0.025636599981226027,1,10000,,,,,,,,150000,,,,0.026473999954760075
,,equal,,,pennylane.default.mixed + independent Pauli binomial measurement,,,,,150000,,,,,,,,,-3.1356666666666664,0.009965267829416202,,,,richardson,,,,,,9,,,True,,-3.12570139883725,0.0021722023255010825,,,e6c2d04c6ab50841,mitigation,,,"Process RSS sampled every 10ms; includes imported dependencies, may miss short peaks",,,-3.1247750000000014,0.0009263988372487653,0.001555167537191226,,circuit-level local Markov channels; ideal basis measurement + readout flips,,,,,,421330944,,0.0,3,-3.1288,0.0030986011627498478,0.0002979765416541654,,,,,421310464,0.026376199966762215,2,10000,,,,,,,,150000,,,,0.02729990001535043
,,equal,,,pennylane.default.mixed + independent Pauli binomial measurement,,,,,150000,,,,,,,,,-3.1365999999999996,0.010898601162749433,,,,richardson,,,,,,9,,,False,,-3.12570139883725,-0.026625000000001453,,,81d02226c2f68f77,mitigation,,,"Process RSS sampled every 10ms; includes imported dependencies, may miss short peaks",,,-3.170425000000001,0.04472360116275098,0.0015511325304405508,,circuit-level local Markov channels; ideal basis measurement + readout flips,,,,,,421330944,,0.0,3,-3.1437999999999997,0.018098601162749528,0.00029594307030703066,,,,,421310464,0.03595310001401231,3,10000,,,,,,,,150000,,,,0.03701319999527186
,,equal,,,pennylane.default.mixed + independent Pauli binomial measurement,,,,,150000,,,,,,,,,-3.121933333333333,0.003768065503917395,,,,richardson,,,,,,9,,,False,,-3.12570139883725,-0.05042499999999883,,,9b8c466ad35324e5,mitigation,,,"Process RSS sampled every 10ms; includes imported dependencies, may miss short peaks",,,-3.030775000000001,0.09492639883724907,0.0015755766079733045,,circuit-level local Markov channels; ideal basis measurement + readout flips,,,,,,421330944,,0.0,3,-3.0812,0.04450139883725024,0.0003041552235223523,,,,,421310464,0.031508699990808964,4,10000,,,,,,,,150000,,,,0.03238889999920502
,,equal,,,pennylane.default.mixed + independent Pauli binomial measurement,,,,,1500,,,,,,,,,-3.3200000000000003,0.1942986011627501,,,,linear,,,,,,9,,,True,,-3.12570139883725,0.041666666666665186,,,89b7778f5ba5ae0d,mitigation,,,"Process RSS sampled every 10ms; includes imported dependencies, may miss short peaks",,,-3.3183333333333342,0.19263193449608407,0.041314506172839535,,circuit-level local Markov channels; ideal basis measurement + readout flips,,,,,,421330944,,0.002,3,-3.3599999999999994,0.23429860116274925,0.027595959595959597,,,,,421310464,0.12626469996757805,0,100,,,,,,,,1500,,,,0.12724429997615516
,,equal,,,pennylane.default.mixed + independent Pauli binomial measurement,,,,,1500,,,,,,,,,-2.9466666666666668,0.1790347321705834,,,,linear,,,,,,9,,,True,,-3.12570139883725,0.05333333333333412,,,bb5bfb62c4a70328,mitigation,,,"Process RSS sampled every 10ms; includes imported dependencies, may miss short peaks",,,-2.973333333333334,0.15236806550391613,0.046670594837261534,,circuit-level local Markov channels; ideal basis measurement + readout flips,,,,,,421330944,,0.002,3,-2.92,0.20570139883725025,0.03231515151515151,,,,,421310464,0.10769059997983277,1,100,,,,,,,,1500,,,,0.10894040000857785
,,equal,,,pennylane.default.mixed + independent Pauli binomial measurement,,,,,1500,,,,,,,,,-2.953333333333333,0.17236806550391703,,,,linear,,,,,,9,,,False,,-3.12570139883725,-0.031666666666668064,,,9eac5c93f70f2872,mitigation,,,"Process RSS sampled every 10ms; includes imported dependencies, may miss short peaks",,,-3.2316666666666674,0.10596526782941718,0.043149466891133595,,circuit-level local Markov channels; ideal basis measurement + readout flips,,,,,,421330944,,0.002,3,-3.1999999999999993,0.07429860116274911,0.028880808080808083,,,,,421310464,0.08764520002296194,2,100,,,,,,,,1500,,,,0.08861040003830567
,,equal,,,pennylane.default.mixed + independent Pauli binomial measurement,,,,,1500,,,,,,,,,-3.0199999999999996,0.1057013988372506,,,,linear,,,,,,9,,,True,,-3.12570139883725,0.02333333333333165,,,226b379c24d217ac,mitigation,,,"Process RSS sampled every 10ms; includes imported dependencies, may miss short peaks",,,-3.196666666666668,0.07096526782941792,0.041804264870931564,,circuit-level local Markov channels; ideal basis measurement + readout flips,,,,,,421330944,,0.002,3,-3.2199999999999998,0.09429860116274957,0.028084848484848483,,,,,421310464,0.1271967999637127,3,100,,,,,,,,1500,,,,0.12814460002118722
,,equal,,,pennylane.default.mixed + independent Pauli binomial measurement,,,,,1500,,,,,,,,,-3.0933333333333333,0.03236806550391691,,,,linear,,,,,,9,,,True,,-3.12570139883725,0.00833333333333508,,,b23284d477705036,mitigation,,,"Process RSS sampled every 10ms; includes imported dependencies, may miss short peaks",,,-2.888333333333335,0.2373680655039152,0.047299691358024726,,circuit-level local Markov channels; ideal basis measurement + readout flips,,,,,,421330944,,0.002,3,-2.88,0.24570139883725028,0.03242828282828283,,,,,421310464,0.12008500000229105,4,100,,,,,,,,1500,,,,0.12103789998218417
,,equal,,,pennylane.default.mixed + independent Pauli binomial measurement,,,,,1500,,,,,,,,,-3.3200000000000003,0.1942986011627501,,,,richardson,,,,,,9,,,False,,-3.12570139883725,-0.512500000000002,,,5fa71d0a6df44ae9,mitigation,,,"Process RSS sampled every 10ms; includes imported dependencies, may miss short peaks",,,-3.8725000000000014,0.7467986011627512,0.1522548611111118,,circuit-level local Markov channels; ideal basis measurement + readout flips,,,,,,421330944,,0.002,3,-3.3599999999999994,0.23429860116274925,0.027595959595959597,,,,,421310464,0.08624549995874986,0,100,,,,,,,,1500,,,,0.08712629997171462
,,equal,,,pennylane.default.mixed + independent Pauli binomial measurement,,,,,1500,,,,,,,,,-2.9466666666666668,0.1790347321705834,,,,richardson,,,,,,9,,,False,,-3.12570139883725,-0.29499999999999904,,,335da4bc56bc858b,mitigation,,,"Process RSS sampled every 10ms; includes imported dependencies, may miss short peaks",,,-2.625000000000001,0.5007013988372493,0.16372424242424313,,circuit-level local Markov channels; ideal basis measurement + readout flips,,,,,,421330944,,0.002,3,-2.92,0.20570139883725025,0.03231515151515151,,,,,421310464,0.09627019998151809,1,100,,,,,,,,1500,,,,0.09715510002570227
,,equal,,,pennylane.default.mixed + independent Pauli binomial measurement,,,,,1500,,,,,,,,,-2.953333333333333,0.17236806550391703,,,,richardson,,,,,,9,,,False,,-3.12570139883725,-0.23750000000000204,,,a1817065a93c7bb1,mitigation,,,"Process RSS sampled every 10ms; includes imported dependencies, may miss short peaks",,,-3.4375000000000013,0.31179860116275115,0.15638832070707143,,circuit-level local Markov channels; ideal basis measurement + readout flips,,,,,,421330944,,0.002,3,-3.1999999999999993,0.07429860116274911,0.028880808080808083,,,,,421310464,0.10144999995827675,2,100,,,,,,,,1500,,,,0.10237400000914931
,,equal,,,pennylane.default.mixed + independent Pauli binomial measurement,,,,,1500,,,,,,,,,-3.0199999999999996,0.1057013988372506,,,,richardson,,,,,,9,,,False,,-3.12570139883725,-0.2300000000000022,,,3f7e6b3c395a666d,mitigation,,,"Process RSS sampled every 10ms; includes imported dependencies, may miss short peaks",,,-3.450000000000002,0.3242986011627518,0.15266212121212192,,circuit-level local Markov channels; ideal basis measurement + readout flips,,,,,,421330944,,0.002,3,-3.2199999999999998,0.09429860116274957,0.028084848484848483,,,,,421310464,0.08870219998061657,3,100,,,,,,,,1500,,,,0.08966250001685694
,,equal,,,pennylane.default.mixed + independent Pauli binomial measurement,,,,,1500,,,,,,,,,-3.0933333333333333,0.03236806550391691,,,,richardson,,,,,,9,,,False,,-3.12570139883725,-0.007499999999998508,,,e9b3ae68597bbaf7,mitigation,,,"Process RSS sampled every 10ms; includes imported dependencies, may miss short peaks",,,-2.8725000000000014,0.2532013988372488,0.16945612373737448,,circuit-level local Markov channels; ideal basis measurement + readout flips,,,,,,421330944,,0.002,3,-2.88,0.24570139883725028,0.03242828282828283,,,,,421310464,0.13956229999894276,4,100,,,,,,,,1500,,,,0.14074449997860938
,,equal,,,pennylane.default.mixed + independent Pauli binomial measurement,,,,,15000,,,,,,,,,-3.0520000000000005,0.07370139883724969,,,,linear,,,,,,9,,,True,,-3.12570139883725,0.019236131007831503,,,d68575c45528a9e8,mitigation,,,"Process RSS sampled every 10ms; includes imported dependencies, may miss short peaks",,,-3.1481666666666683,0.022465267829418156,0.004488692108775445,,circuit-level local Markov channels; ideal basis measurement + readout flips,,,,,,421330944,,0.002,3,-3.0840000000000005,0.04170139883724966,0.003038046046046046,,,,,421310464,0.11031080002430826,0,1000,,,,,,,,15000,,,,0.11134159995708615
,,equal,,,pennylane.default.mixed + independent Pauli binomial measurement,,,,,15000,,,,,,,,,-3.006666666666667,0.11903473217058336,,,,linear,,,,,,9,,,True,,-3.12570139883725,0.017166666666668107,,,757e062dcf8b8160,mitigation,,,"Process RSS sampled every 10ms; includes imported dependencies, may miss short peaks",,,-3.081166666666668,0.044534732170582014,0.0045270197141586066,,circuit-level local Markov channels; ideal basis measurement + readout flips,,,,,,421330944,,0.002,3,-3.064,0.06170139883725012,0.003070574574574575,,,,,421310464,0.1474436999997124,1,1000,,,,,,,,15000,,,,0.14864979998674244
,,equal,,,pennylane.default.mixed + independent Pauli binomial measurement,,,,,15000,,,,,,,,,-3.1126666666666667,0.013034732170583485,,,,linear,,,,,,9,,,True,,-3.12570139883725,0.027500000000001634,,,e75cafb301f5f82a,mitigation,,,"Process RSS sampled every 10ms; includes imported dependencies, may miss short peaks",,,-3.0695000000000014,0.05620139883724873,0.004528983566900237,,circuit-level local Markov channels; ideal basis measurement + readout flips,,,,,,421330944,,0.002,3,-3.042,0.08370139883725036,0.0030859139139139138,,,,,421310464,0.12541209999471903,2,1000,,,,,,,,15000,,,,0.1264143000007607
,,equal,,,pennylane.default.mixed + independent Pauli binomial measurement,,,,,15000,,,,,,,,,-3.1033333333333335,0.02236806550391668,,,,linear,,,,,,9,,,True,,-3.12570139883725,0.03966666666666763,,,205deeefc92fc2e0,mitigation,,,"Process RSS sampled every 10ms; includes imported dependencies, may miss short peaks",,,-3.1156666666666677,0.010034732170582483,0.00451034990546102,,circuit-level local Markov channels; ideal basis measurement + readout flips,,,,,,421330944,,0.002,3,-3.076,0.04970139883725011,0.003042522522522523,,,,,421310464,0.1321588999708183,3,1000,,,,,,,,15000,,,,0.13320959999691695
,,equal,,,pennylane.default.mixed + independent Pauli binomial measurement,,,,,15000,,,,,,,,,-3.059333333333333,0.06636806550391716,,,,linear,,,,,,9,,,True,,-3.12570139883725,0.054500000000001325,,,304aed0cfa89db4e,mitigation,,,"Process RSS sampled every 10ms; includes imported dependencies, may miss short peaks",,,-3.1025000000000014,0.02320139883724881,0.004521028111444781,,circuit-level local Markov channels; ideal basis measurement + readout flips,,,,,,421330944,,0.002,3,-3.048,0.07770139883725014,0.003077085085085085,,,,,421310464,0.10729389998596162,4,1000,,,,,,,,15000,,,,0.10834799997974187
,,equal,,,pennylane.default.mixed + independent Pauli binomial measurement,,,,,15000,,,,,,,,,-3.0520000000000005,0.07370139883724969,,,,richardson,,,,,,9,,,True,,-3.12570139883725,0.027750000000003272,,,98df34fb7d60b2ca,mitigation,,,"Process RSS sampled every 10ms; includes imported dependencies, may miss short peaks",,,-3.111750000000004,0.013951398837246387,0.016086982419919994,,circuit-level local Markov channels; ideal basis measurement + readout flips,,,,,,421330944,,0.002,3,-3.0840000000000005,0.04170139883724966,0.003038046046046046,,,,,421310464,0.13543129997560754,0,1000,,,,,,,,15000,,,,0.13642519997665659
,,equal,,,pennylane.default.mixed + independent Pauli binomial measurement,,,,,15000,,,,,,,,,-3.006666666666667,0.11903473217058336,,,,richardson,,,,,,9,,,True,,-3.12570139883725,0.009652797674498004,,,bb439589c0efff70,mitigation,,,"Process RSS sampled every 10ms; includes imported dependencies, may miss short peaks",,,-3.1777500000000023,0.05204860116275212,0.0162964640265266,,circuit-level local Markov channels; ideal basis measurement + readout flips,,,,,,421330944,,0.002,3,-3.064,0.06170139883725012,0.003070574574574575,,,,,421310464,0.09786159999202937,1,1000,,,,,,,,15000,,,,0.09876609995262697
,,equal,,,pennylane.default.mixed + independent Pauli binomial measurement,,,,,15000,,,,,,,,,-3.1126666666666667,0.013034732170583485,,,,richardson,,,,,,9,,,True,,-3.12570139883725,0.022750000000001158,,,3a599b65dc1744b2,mitigation,,,"Process RSS sampled every 10ms; includes imported dependencies, may miss short peaks",,,-3.064750000000001,0.060951398837249204,0.016197101413913985,,circuit-level local Markov channels; ideal basis measurement + readout flips,,,,,,421330944,,0.002,3,-3.042,0.08370139883725036,0.0030859139139139138,,,,,421310464,0.12033380003413185,2,1000,,,,,,,,15000,,,,0.12127259996486828
,,equal,,,pennylane.default.mixed + independent Pauli binomial measurement,,,,,15000,,,,,,,,,-3.1033333333333335,0.02236806550391668,,,,richardson,,,,,,9,,,False,,-3.12570139883725,-0.03209720232550195,,,88323e41fa0dbf2b,mitigation,,,"Process RSS sampled every 10ms; includes imported dependencies, may miss short peaks",,,-3.2075000000000022,0.08179860116275206,0.01624836436436444,,circuit-level local Markov channels; ideal basis measurement + readout flips,,,,,,421330944,,0.002,3,-3.076,0.04970139883725011,0.003042522522522523,,,,,421310464,0.11905129998922348,3,1000,,,,,,,,15000,,,,0.12010739999823272
,,equal,,,pennylane.default.mixed + independent Pauli binomial measurement,,,,,15000,,,,,,,,,-3.059333333333333,0.06636806550391716,,,,richardson,,,,,,9,,,False,,-3.12570139883725,-0.035749999999998394,,,e65fe6d62bba13f3,mitigation,,,"Process RSS sampled every 10ms; includes imported dependencies, may miss short peaks",,,-3.0122500000000016,0.11345139883724853,0.016110143330830905,,circuit-level local Markov channels; ideal basis measurement + readout flips,,,,,,421330944,,0.002,3,-3.048,0.07770139883725014,0.003077085085085085,,,,,421310464,0.09886250004637986,4,1000,,,,,,,,15000,,,,0.09971440001390874
,,equal,,,pennylane.default.mixed + independent Pauli binomial measurement,,,,,150000,,,,,,,,,-3.0705333333333336,0.05516806550391662,,,,linear,,,,,,9,,,True,,-3.12570139883725,0.05401666666666749,,,699bd9b135793b77,mitigation,,,"Process RSS sampled every 10ms; includes imported dependencies, may miss short peaks",,,-3.122816666666667,0.0028847321705831597,0.0004506499419108581,,circuit-level local Markov channels; ideal basis measurement + readout flips,,,,,,421330944,,0.002,3,-3.0687999999999995,0.05690139883725065,0.0003057269806980698,,,,,421310464,0.11709219997283071,0,10000,,,,,,,,150000,,,,0.11805370001820847
,,equal,,,pennylane.default.mixed + independent Pauli binomial measurement,,,,,150000,,,,,,,,,-3.0514666666666663,0.07423473217058385,,,,linear,,,,,,9,,,True,,-3.12570139883725,0.04083613100783179,,,c57d0b0f5be46569,mitigation,,,"Process RSS sampled every 10ms; includes imported dependencies, may miss short peaks",,,-3.126566666666668,0.0008652678294178706,0.00044892352190774656,,circuit-level local Markov channels; ideal basis measurement + readout flips,,,,,,421330944,,0.002,3,-3.0840000000000005,0.04170139883724966,0.0003041074107410741,,,,,421310464,0.11564690002705902,1,10000,,,,,,,,150000,,,,0.11667350004427135
,,equal,,,pennylane.default.mixed + independent Pauli binomial measurement,,,,,150000,,,,,,,,,-3.0839999999999996,0.04170139883725055,,,,linear,,,,,,9,,,True,,-3.12570139883725,0.04415000000000102,,,8c384193596e267f,mitigation,,,"Process RSS sampled every 10ms; includes imported dependencies, may miss short peaks",,,-3.120750000000001,0.004951398837249155,0.0004488975305030506,,circuit-level local Markov channels; ideal basis measurement + readout flips,,,,,,421330944,,0.002,3,-3.0766,0.049101398837250176,0.0003045432103210321,,,,,421310464,0.10185059998184443,2,10000,,,,,,,,150000,,,,0.10289999999804422
,,equal,,,pennylane.default.mixed + independent Pauli binomial measurement,,,,,150000,,,,,,,,,-3.0868666666666664,0.03883473217058375,,,,linear,,,,,,9,,,True,,-3.12570139883725,0.021336131007832382,,,c2cdb9dc90a0b866,mitigation,,,"Process RSS sampled every 10ms; includes imported dependencies, may miss short peaks",,,-3.138066666666668,0.012365267829417714,0.00044707102865842167,,circuit-level local Markov channels; ideal basis measurement + readout flips,,,,,,421396480,,0.002,3,-3.092,0.033701398837250096,0.00030248013601360136,,,,,421376000,0.09490500000538304,3,10000,,,,,,,,150000,,,,0.09584550000727177
,,equal,,,pennylane.default.mixed + independent Pauli binomial measurement,,,,,150000,,,,,,,,,-3.0700666666666665,0.05563473217058368,,,,linear,,,,,,9,,,True,,-3.12570139883725,0.040766666666667284,,,80e56d956c6026e2,mitigation,,,"Process RSS sampled every 10ms; includes imported dependencies, may miss short peaks",,,-3.0693666666666672,0.056334732170582935,0.0004560366096609664,,circuit-level local Markov channels; ideal basis measurement + readout flips,,,,,,421396480,,0.002,3,-3.0286,0.09710139883725022,0.00031067391139113907,,,,,421376000,0.1093442999990657,4,10000,,,,,,,,150000,,,,0.11041079997085035
,,equal,,,pennylane.default.mixed + independent Pauli binomial measurement,,,,,150000,,,,,,,,,-3.0705333333333336,0.05516806550391662,,,,richardson,,,,,,9,,,True,,-3.12570139883725,0.017125000000001833,,,19584ec9b85d899c,mitigation,,,"Process RSS sampled every 10ms; includes imported dependencies, may miss short peaks",,,-3.0859250000000014,0.039776398837248816,0.0016126138729498022,,circuit-level local Markov channels; ideal basis measurement + readout flips,,,,,,421396480,,0.002,3,-3.0687999999999995,0.05690139883725065,0.0003057269806980698,,,,,421376000,0.09632309997687116,0,10000,,,,,,,,150000,,,,0.09727109997766092
,,equal,,,pennylane.default.mixed + independent Pauli binomial measurement,,,,,150000,,,,,,,,,-3.0514666666666663,0.07423473217058385,,,,richardson,,,,,,9,,,True,,-3.12570139883725,0.01645279767449681,,,904d66d40cf476cc,mitigation,,,"Process RSS sampled every 10ms; includes imported dependencies, may miss short peaks",,,-3.150950000000003,0.02524860116275285,0.0016108332438243896,,circuit-level local Markov channels; ideal basis measurement + readout flips,,,,,,421396480,,0.002,3,-3.0840000000000005,0.04170139883724966,0.0003041074107410741,,,,,421376000,0.1008550999686122,1,10000,,,,,,,,150000,,,,0.10196160001214594
,,equal,,,pennylane.default.mixed + independent Pauli binomial measurement,,,,,150000,,,,,,,,,-3.0839999999999996,0.04170139883725055,,,,richardson,,,,,,9,,,True,,-3.12570139883725,0.040825000000001666,,,35872f8edb2dfcff,mitigation,,,"Process RSS sampled every 10ms; includes imported dependencies, may miss short peaks",,,-3.1174250000000017,0.008276398837248511,0.0016090513270702142,,circuit-level local Markov channels; ideal basis measurement + readout flips,,,,,,421396480,,0.002,3,-3.0766,0.049101398837250176,0.0003045432103210321,,,,,421376000,0.08815089997369796,2,10000,,,,,,,,150000,,,,0.08914039999945089
,,equal,,,pennylane.default.mixed + independent Pauli binomial measurement,,,,,150000,,,,,,,,,-3.0868666666666664,0.03883473217058375,,,,richardson,,,,,,9,,,False,,-3.12570139883725,-0.004947202325502165,,,0c2186bb305ae61f,mitigation,,,"Process RSS sampled every 10ms; includes imported dependencies, may miss short peaks",,,-3.1643500000000024,0.03864860116275226,0.0016048583975897663,,circuit-level local Markov channels; ideal basis measurement + readout flips,,,,,,421396480,,0.002,3,-3.092,0.033701398837250096,0.00030248013601360136,,,,,421376000,0.08184510003775358,3,10000,,,,,,,,150000,,,,0.08274490002077073
,,equal,,,pennylane.default.mixed + independent Pauli binomial measurement,,,,,150000,,,,,,,,,-3.0700666666666665,0.05563473217058368,,,,richardson,,,,,,9,,,False,,-3.12570139883725,-0.006099999999998218,,,0cb80af9fe2a4239,mitigation,,,"Process RSS sampled every 10ms; includes imported dependencies, may miss short peaks",,,-3.0225000000000017,0.10320139883724844,0.0016292164166416712,,circuit-level local Markov channels; ideal basis measurement + readout flips,,,,,,421396480,,0.002,3,-3.0286,0.09710139883725022,0.00031067391139113907,,,,,421376000,0.10549340001307428,4,10000,,,,,,,,150000,,,,0.10686959995655343
,,equal,,,pennylane.default.mixed + independent Pauli binomial measurement,,,,,1500,,,,,,,,,-2.66,0.46570139883725004,,,,linear,,,,,,9,,,True,,-3.12570139883725,0.3650000000000011,,,f1d750d37f905a61,mitigation,,,"Process RSS sampled every 10ms; includes imported dependencies, may miss short peaks",,,-2.825000000000001,0.3007013988372491,0.05695199214365885,,circuit-level local Markov channels; ideal basis measurement + readout flips,,,,,,421396480,,0.02,3,-2.46,0.6657013988372502,0.037757575757575754,,,,,421376000,0.1021523000090383,0,100,,,,,,,,1500,,,,0.10298849997343495
,,equal,,,pennylane.default.mixed + independent Pauli binomial measurement,,,,,1500,,,,,,,,,-2.6933333333333334,0.4323680655039168,,,,linear,,,,,,9,,,True,,-3.12570139883725,0.3433333333333346,,,953433642f2a8cf9,mitigation,,,"Process RSS sampled every 10ms; includes imported dependencies, may miss short peaks",,,-2.9833333333333343,0.1423680655039159,0.05452974186307523,,circuit-level local Markov channels; ideal basis measurement + readout flips,,,,,,421392384,,0.02,3,-2.6399999999999997,0.4857013988372505,0.03578989898989899,,,,,421376000,0.08759760000975803,1,100,,,,,,,,1500,,,,0.08847689995309338
,,equal,,,pennylane.default.mixed + independent Pauli binomial measurement,,,,,1500,,,,,,,,,-2.533333333333333,0.592368065503917,,,,linear,,,,,,9,,,True,,-3.12570139883725,0.1616666666666675,,,f7f80507040c48fa,mitigation,,,"Process RSS sampled every 10ms; includes imported dependencies, may miss short peaks",,,-2.8616666666666677,0.2640347321705825,0.05375378787878792,,circuit-level local Markov channels; ideal basis measurement + readout flips,,,,,,421396480,,0.02,3,-2.7,0.42570139883725,0.03513131313131313,,,,,421376000,0.09559209999861196,2,100,,,,,,,,1500,,,,0.09650260000489652
,,equal,,,pennylane.default.mixed + independent Pauli binomial measurement,,,,,1500,,,,,,,,,-2.6733333333333333,0.45236806550391684,,,,linear,,,,,,9,,,False,,-3.12570139883725,-0.3835972023255003,,,ceb19bd1fcfc15c6,mitigation,,,"Process RSS sampled every 10ms; includes imported dependencies, may miss short peaks",,,-3.5150000000000006,0.3892986011627504,0.04875698653198656,,circuit-level local Markov channels; ideal basis measurement + readout flips,,,,,,421396480,,0.02,3,-3.12,0.005701398837250071,0.030626262626262623,,,,,421376000,0.11828970001079142,3,100,,,,,,,,1500,,,,0.11906940001063049
,,equal,,,pennylane.default.mixed + independent Pauli binomial measurement,,,,,1500,,,,,,,,,-2.6133333333333333,0.5123680655039169,,,,linear,,,,,,9,,,True,,-3.12570139883725,0.21000000000000085,,,3e4fcd8756561d36,mitigation,,,"Process RSS sampled every 10ms; includes imported dependencies, may miss short peaks",,,-2.8500000000000005,0.27570139883724964,0.054191638608305316,,circuit-level local Markov channels; ideal basis measurement + readout flips,,,,,,421396480,,0.02,3,-2.6399999999999997,0.4857013988372505,0.03556363636363637,,,,,421376000,0.09120370005257428,4,100,,,,,,,,1500,,,,0.09235920000355691
,,equal,,,pennylane.default.mixed + independent Pauli binomial measurement,,,,,1500,,,,,,,,,-2.66,0.46570139883725004,,,,richardson,,,,,,9,,,True,,-3.12570139883725,0.03250000000000153,,,28eee47bd5945785,mitigation,,,"Process RSS sampled every 10ms; includes imported dependencies, may miss short peaks",,,-2.4925000000000015,0.6332013988372487,0.2027955176767686,,circuit-level local Markov channels; ideal basis measurement + readout flips,,,,,,421396480,,0.02,3,-2.46,0.6657013988372502,0.037757575757575754,,,,,421376000,0.10437489999458194,0,100,,,,,,,,1500,,,,0.10530629998538643
,,equal,,,pennylane.default.mixed + independent Pauli binomial measurement,,,,,1500,,,,,,,,,-2.6933333333333334,0.4323680655039168,,,,richardson,,,,,,9,,,True,,-3.12570139883725,0.18500000000000227,,,dc34efe5ac03ed56,mitigation,,,"Process RSS sampled every 10ms; includes imported dependencies, may miss short peaks",,,-2.825000000000002,0.3007013988372482,0.1961671717171726,,circuit-level local Markov channels; ideal basis measurement + readout flips,,,,,,421396480,,0.02,3,-2.6399999999999997,0.4857013988372505,0.03578989898989899,,,,,421376000,0.10327660001348704,1,100,,,,,,,,1500,,,,0.10419440001714975
,,equal,,,pennylane.default.mixed + independent Pauli binomial measurement,,,,,1500,,,,,,,,,-2.533333333333333,0.592368065503917,,,,richardson,,,,,,9,,,True,,-3.12570139883725,0.10390279767449595,,,b3d55b35c78181df,mitigation,,,"Process RSS sampled every 10ms; includes imported dependencies, may miss short peaks",,,-3.4475000000000042,0.32179860116275405,0.19689551767676858,,circuit-level local Markov channels; ideal basis measurement + readout flips,,,,,,421396480,,0.02,3,-2.7,0.42570139883725,0.03513131313131313,,,,,421376000,0.09857450000708923,2,100,,,,,,,,1500,,,,0.09950940002454445
,,equal,,,pennylane.default.mixed + independent Pauli binomial measurement,,,,,1500,,,,,,,,,-2.6733333333333333,0.45236806550391684,,,,richardson,,,,,,9,,,False,,-3.12570139883725,-0.8110972023255054,,,1160467850bd1947,mitigation,,,"Process RSS sampled every 10ms; includes imported dependencies, may miss short peaks",,,-3.9425000000000057,0.8167986011627555,0.1801860479797988,,circuit-level local Markov channels; ideal basis measurement + readout flips,,,,,,421396480,,0.02,3,-3.12,0.005701398837250071,0.030626262626262623,,,,,421376000,0.09713499998906627,3,100,,,,,,,,1500,,,,0.09808100003283471
,,equal,,,pennylane.default.mixed + independent Pauli binomial measurement,,,,,1500,,,,,,,,,-2.6133333333333333,0.5123680655039169,,,,richardson,,,,,,9,,,True,,-3.12570139883725,0.47640279767449734,,,1029273b91c4ad75,mitigation,,,"Process RSS sampled every 10ms; includes imported dependencies, may miss short peaks",,,-3.1350000000000033,0.009298601162753162,0.19801401515151607,,circuit-level local Markov channels; ideal basis measurement + readout flips,,,,,,421396480,,0.02,3,-2.6399999999999997,0.4857013988372505,0.03556363636363637,,,,,421376000,0.10888020001584664,4,100,,,,,,,,1500,,,,0.10997940000379458
,,equal,,,pennylane.default.mixed + independent Pauli binomial measurement,,,,,15000,,,,,,,,,-2.622,0.5037013988372503,,,,linear,,,,,,9,,,True,,-3.12570139883725,0.28450000000000086,,,6ed9b7031280a9cc,mitigation,,,"Process RSS sampled every 10ms; includes imported dependencies, may miss short peaks",,,-2.954500000000001,0.17120139883724939,0.005360576715604496,,circuit-level local Markov channels; ideal basis measurement + readout flips,,,,,,421412864,,0.02,3,-2.67,0.45570139883725025,0.0035219339339339338,,,,,421392384,0.08646939997561276,0,1000,,,,,,,,15000,,,,0.08729029999813065
,,equal,,,pennylane.default.mixed + independent Pauli binomial measurement,,,,,15000,,,,,,,,,-2.562666666666667,0.5630347321705833,,,,linear,,,,,,9,,,True,,-3.12570139883725,0.2121666666666675,,,a85c1ac911495e8d,mitigation,,,"Process RSS sampled every 10ms; includes imported dependencies, may miss short peaks",,,-2.8501666666666674,0.2755347321705828,0.005425741936380828,,circuit-level local Markov channels; ideal basis measurement + readout flips,,,,,,421412864,,0.02,3,-2.638,0.4877013988372503,0.003563967967967968,,,,,421392384,0.09065450000343844,1,1000,,,,,,,,15000,,,,0.09154149994719774
,,equal,,,pennylane.default.mixed + independent Pauli binomial measurement,,,,,15000,,,,,,,,,-2.6846666666666668,0.4410347321705834,,,,linear,,,,,,9,,,True,,-3.12570139883725,0.22300000000000075,,,c8e795ade74367ed,mitigation,,,"Process RSS sampled every 10ms; includes imported dependencies, may miss short peaks",,,-2.8370000000000006,0.28870139883724955,0.0054256775108441815,,circuit-level local Markov channels; ideal basis measurement + readout flips,,,,,,421412864,,0.02,3,-2.614,0.5117013988372503,0.003576332332332333,,,,,421392384,0.11311420000856742,2,1000,,,,,,,,15000,,,,0.11403900000732392
,,equal,,,pennylane.default.mixed + independent Pauli binomial measurement,,,,,15000,,,,,,,,,-2.67,0.45570139883725025,,,,linear,,,,,,9,,,True,,-3.12570139883725,0.2493333333333343,,,88b84ad524e38859,mitigation,,,"Process RSS sampled every 10ms; includes imported dependencies, may miss short peaks",,,-2.9013333333333344,0.22436806550391575,0.005407299966633304,,circuit-level local Markov channels; ideal basis measurement + readout flips,,,,,,421412864,,0.02,3,-2.652,0.47370139883725004,0.00353833033033033,,,,,421392384,0.09292829997139052,3,1000,,,,,,,,15000,,,,0.09394380002049729
,,equal,,,pennylane.default.mixed + independent Pauli binomial measurement,,,,,15000,,,,,,,,,-2.6260000000000003,0.49970139883724984,,,,linear,,,,,,9,,,True,,-3.12570139883725,0.2596666666666674,,,1c064d0cb21252cc,mitigation,,,"Process RSS sampled every 10ms; includes imported dependencies, may miss short peaks",,,-2.8616666666666672,0.26403473217058293,0.005424610499388281,,circuit-level local Markov channels; ideal basis measurement + readout flips,,,,,,421412864,,0.02,3,-2.602,0.5237013988372503,0.0035683883883883883,,,,,421392384,0.0933847000123933,4,1000,,,,,,,,15000,,,,0.0945316000143066
,,equal,,,pennylane.default.mixed + independent Pauli binomial measurement,,,,,15000,,,,,,,,,-2.622,0.5037013988372503,,,,richardson,,,,,,9,,,True,,-3.12570139883725,0.30825000000000324,,,b419fbe0c6a2c8f2,mitigation,,,"Process RSS sampled every 10ms; includes imported dependencies, may miss short peaks",,,-2.978250000000003,0.147451398837247,0.019392671984484574,,circuit-level local Markov channels; ideal basis measurement + readout flips,,,,,,421429248,,0.02,3,-2.67,0.45570139883725025,0.0035219339339339338,,,,,421408768,0.11662750004325062,0,1000,,,,,,,,15000,,,,0.11775689997011796
,,equal,,,pennylane.default.mixed + independent Pauli binomial measurement,,,,,15000,,,,,,,,,-2.562666666666667,0.5630347321705833,,,,richardson,,,,,,9,,,True,,-3.12570139883725,0.48615279767449726,,,f8ec98a3e4afe793,mitigation,,,"Process RSS sampled every 10ms; includes imported dependencies, may miss short peaks",,,-3.127250000000003,0.001548601162753016,0.01971933101851861,,circuit-level local Markov channels; ideal basis measurement + readout flips,,,,,,421429248,,0.02,3,-2.638,0.4877013988372503,0.003563967967967968,,,,,421408768,0.08370550000108778,1,1000,,,,,,,,15000,,,,0.08449869998730719
,,equal,,,pennylane.default.mixed + independent Pauli binomial measurement,,,,,15000,,,,,,,,,-2.6846666666666668,0.4410347321705834,,,,richardson,,,,,,9,,,True,,-3.12570139883725,0.35600000000000254,,,e484d5a4ddc34936,mitigation,,,"Process RSS sampled every 10ms; includes imported dependencies, may miss short peaks",,,-2.9700000000000024,0.15570139883724776,0.019638505630630722,,circuit-level local Markov channels; ideal basis measurement + readout flips,,,,,,421429248,,0.02,3,-2.614,0.5117013988372503,0.003576332332332333,,,,,421408768,0.08826579997548833,2,1000,,,,,,,,15000,,,,0.0892191999591887
,,equal,,,pennylane.default.mixed + independent Pauli binomial measurement,,,,,15000,,,,,,,,,-2.67,0.45570139883725025,,,,richardson,,,,,,9,,,True,,-3.12570139883725,0.4574027976744963,,,ed3b38097730903b,mitigation,,,"Process RSS sampled every 10ms; includes imported dependencies, may miss short peaks",,,-3.142000000000004,0.016298601162753723,0.019671855855855944,,circuit-level local Markov channels; ideal basis measurement + readout flips,,,,,,421429248,,0.02,3,-2.652,0.47370139883725004,0.00353833033033033,,,,,421408768,0.10520679998444393,3,1000,,,,,,,,15000,,,,0.10612569999648258
,,equal,,,pennylane.default.mixed + independent Pauli binomial measurement,,,,,15000,,,,,,,,,-2.6260000000000003,0.49970139883724984,,,,richardson,,,,,,9,,,True,,-3.12570139883725,0.3040000000000025,,,95a616e64d0766ec,mitigation,,,"Process RSS sampled every 10ms; includes imported dependencies, may miss short peaks",,,-2.9060000000000024,0.21970139883724782,0.019603952202202294,,circuit-level local Markov channels; ideal basis measurement + readout flips,,,,,,421429248,,0.02,3,-2.602,0.5237013988372503,0.0035683883883883883,,,,,421408768,0.08503810002002865,4,1000,,,,,,,,15000,,,,0.08593050000490621
,,equal,,,pennylane.default.mixed + independent Pauli binomial measurement,,,,,150000,,,,,,,,,-2.6340666666666666,0.4916347321705836,,,,linear,,,,,,9,,,True,,-3.12570139883725,0.26141666666666774,,,10e468f71bbbc041,mitigation,,,"Process RSS sampled every 10ms; includes imported dependencies, may miss short peaks",,,-2.896616666666668,0.22908473217058223,0.0005416117105877258,,circuit-level local Markov channels; ideal basis measurement + readout flips,,,,,,421429248,,0.02,3,-2.6352,0.49050139883724997,0.0003557585598559856,,,,,421408768,0.09647320001386106,0,10000,,,,,,,,150000,,,,0.09729469998273998
,,equal,,,pennylane.default.mixed + independent Pauli binomial measurement,,,,,150000,,,,,,,,,-2.6161333333333334,0.5095680655039168,,,,linear,,,,,,9,,,True,,-3.12570139883725,0.24918333333333464,,,dda55f04258d7328,mitigation,,,"Process RSS sampled every 10ms; includes imported dependencies, may miss short peaks",,,-2.899983333333335,0.22571806550391527,0.000540330891672501,,circuit-level local Markov channels; ideal basis measurement + readout flips,,,,,,421429248,,0.02,3,-2.6508000000000003,0.4749013988372499,0.0003544958175817582,,,,,421408768,0.0964063000283204,1,10000,,,,,,,,150000,,,,0.09739820001414046
,,equal,,,pennylane.default.mixed + independent Pauli binomial measurement,,,,,150000,,,,,,,,,-2.6513999999999998,0.4743013988372504,,,,linear,,,,,,9,,,True,,-3.12570139883725,0.25430000000000064,,,3daedbce6c721d57,mitigation,,,"Process RSS sampled every 10ms; includes imported dependencies, may miss short peaks",,,-2.897900000000001,0.22780139883724937,0.0005402804125412545,,circuit-level local Markov channels; ideal basis measurement + readout flips,,,,,,421429248,,0.02,3,-2.6436,0.48210139883725,0.00035466229822982294,,,,,421408768,0.10815360001288354,2,10000,,,,,,,,150000,,,,0.10938999999780208
,,equal,,,pennylane.default.mixed + independent Pauli binomial measurement,,,,,150000,,,,,,,,,-2.6566,0.4691013988372501,,,,linear,,,,,,9,,,True,,-3.12570139883725,0.25361666666666727,,,fc923732e20f1ab1,mitigation,,,"Process RSS sampled every 10ms; includes imported dependencies, may miss short peaks",,,-2.9150166666666673,0.21068473217058292,0.0005379643854663247,,circuit-level local Markov channels; ideal basis measurement + readout flips,,,,,,421445632,,0.02,3,-2.6614,0.4643013988372502,0.00035248070007000697,,,,,421425152,0.07776699995156378,3,10000,,,,,,,,150000,,,,0.07887339999433607
,,equal,,,pennylane.default.mixed + independent Pauli binomial measurement,,,,,150000,,,,,,,,,-2.6360666666666663,0.48963473217058384,,,,linear,,,,,,9,,,True,,-3.12570139883725,0.24686666666666746,,,444bd4ad883e0a3c,mitigation,,,"Process RSS sampled every 10ms; includes imported dependencies, may miss short peaks",,,-2.8384666666666676,0.2872347321705826,0.0005468983173317336,,circuit-level local Markov channels; ideal basis measurement + readout flips,,,,,,421527552,,0.02,3,-2.5916,0.53410139883725,0.0003604542534253426,,,,,421507072,0.0855161999934353,4,10000,,,,,,,,150000,,,,0.08645010000327602
,,equal,,,pennylane.default.mixed + independent Pauli binomial measurement,,,,,150000,,,,,,,,,-2.6340666666666666,0.4916347321705836,,,,richardson,,,,,,9,,,True,,-3.12570139883725,0.36987500000000306,,,8e64f26f2980d710,mitigation,,,"Process RSS sampled every 10ms; includes imported dependencies, may miss short peaks",,,-3.0050750000000033,0.1206263988372469,0.0019619571931568246,,circuit-level local Markov channels; ideal basis measurement + readout flips,,,,,,421523456,,0.02,3,-2.6352,0.49050139883724997,0.0003557585598559856,,,,,421507072,0.11837000004015863,0,10000,,,,,,,,150000,,,,0.11937979998765513
,,equal,,,pennylane.default.mixed + independent Pauli binomial measurement,,,,,150000,,,,,,,,,-2.6161333333333334,0.5095680655039168,,,,richardson,,,,,,9,,,True,,-3.12570139883725,0.42287500000000344,,,88914ada786be644,mitigation,,,"Process RSS sampled every 10ms; includes imported dependencies, may miss short peaks",,,-3.0736750000000037,0.05202639883724647,0.001960171578470356,,circuit-level local Markov channels; ideal basis measurement + readout flips,,,,,,421527552,,0.02,3,-2.6508000000000003,0.4749013988372499,0.0003544958175817582,,,,,421507072,0.09458030003588647,1,10000,,,,,,,,150000,,,,0.09579920000396669
,,equal,,,pennylane.default.mixed + independent Pauli binomial measurement,,,,,150000,,,,,,,,,-2.6513999999999998,0.4743013988372504,,,,richardson,,,,,,9,,,True,,-3.12570139883725,0.3911000000000029,,,eba13160c0c1f503,mitigation,,,"Process RSS sampled every 10ms; includes imported dependencies, may miss short peaks",,,-3.034700000000003,0.09100139883724712,0.001958874883863395,,circuit-level local Markov channels; ideal basis measurement + readout flips,,,,,,421527552,,0.02,3,-2.6436,0.48210139883725,0.00035466229822982294,,,,,421507072,0.0886379000148736,2,10000,,,,,,,,150000,,,,0.08953130000736564
,,equal,,,pennylane.default.mixed + independent Pauli binomial measurement,,,,,150000,,,,,,,,,-2.6566,0.4691013988372501,,,,richardson,,,,,,9,,,True,,-3.12570139883725,0.4276250000000039,,,b73beaf83dcd08d3,mitigation,,,"Process RSS sampled every 10ms; includes imported dependencies, may miss short peaks",,,-3.089025000000004,0.03667639883724627,0.0019530842649890076,,circuit-level local Markov channels; ideal basis measurement + readout flips,,,,,,421527552,,0.02,3,-2.6614,0.4643013988372502,0.00035248070007000697,,,,,421507072,0.08905460004461929,3,10000,,,,,,,,150000,,,,0.09018669999204576
,,equal,,,pennylane.default.mixed + independent Pauli binomial measurement,,,,,150000,,,,,,,,,-2.6360666666666663,0.48963473217058384,,,,richardson,,,,,,9,,,True,,-3.12570139883725,0.3434500000000025,,,20e14284b797634e,mitigation,,,"Process RSS sampled every 10ms; includes imported dependencies, may miss short peaks",,,-2.9350500000000026,0.19065139883724758,0.001977557441869196,,circuit-level local Markov channels; ideal basis measurement + readout flips,,,,,,421527552,,0.02,3,-2.5916,0.53410139883725,0.0003604542534253426,,,,,421507072,0.09786060004262254,4,10000,,,,,,,,150000,,,,0.09907039999961853
,,equal,,,pennylane.default.mixed + independent Pauli binomial measurement,,,,,1500,,,,,,,,,-1.3266666666666669,1.7990347321705833,,,,linear,,,,,,9,,,True,,-3.12570139883725,0.04333333333333367,,,c5ebf782b5b124d6,mitigation,,,"Process RSS sampled every 10ms; includes imported dependencies, may miss short peaks",,,-1.343333333333334,1.7823680655039162,0.06855437710437715,,circuit-level local Markov channels; ideal basis measurement + readout flips,,,,,,421527552,,0.1,3,-1.3000000000000003,1.82570139883725,0.04618585858585858,,,,,421507072,0.1010717999888584,0,100,,,,,,,,1500,,,,0.10192849999293685
,,equal,,,pennylane.default.mixed + independent Pauli binomial measurement,,,,,1500,,,,,,,,,-1.3866666666666665,1.7390347321705837,,,,linear,,,,,,9,,,True,,-3.12570139883725,0.23166666666666713,,,232c1c997842098c,mitigation,,,"Process RSS sampled every 10ms; includes imported dependencies, may miss short peaks",,,-1.7716666666666672,1.354034732170583,0.06748358585858591,,circuit-level local Markov channels; ideal basis measurement + readout flips,,,,,,421527552,,0.1,3,-1.54,1.5857013988372501,0.04542626262626263,,,,,421507072,0.11114470002939925,1,100,,,,,,,,1500,,,,0.11220840003807098
,,equal,,,pennylane.default.mixed + independent Pauli binomial measurement,,,,,1500,,,,,,,,,-1.3800000000000001,1.74570139883725,,,,linear,,,,,,9,,,True,,-3.12570139883725,0.09666666666666668,,,840763a37a30e489,mitigation,,,"Process RSS sampled every 10ms; includes imported dependencies, may miss short peaks",,,-1.116666666666667,2.0090347321705835,0.07040325476992149,,circuit-level local Markov channels; ideal basis measurement + readout flips,,,,,,421527552,,0.1,3,-1.0199999999999998,2.10570139883725,0.047882828282828284,,,,,421507072,0.12980530003551394,2,100,,,,,,,,1500,,,,0.13090670004021376
,,equal,,,pennylane.default.mixed + independent Pauli binomial measurement,,,,,1500,,,,,,,,,-1.3533333333333333,1.772368065503917,,,,linear,,,,,,9,,,True,,-3.12570139883725,0.2750000000000006,,,4fe9a9a4ac84397f,mitigation,,,"Process RSS sampled every 10ms; includes imported dependencies, may miss short peaks",,,-1.6350000000000007,1.4907013988372495,0.06841798540965212,,circuit-level local Markov channels; ideal basis measurement + readout flips,,,,,,421527552,,0.1,3,-1.36,1.76570139883725,0.0461010101010101,,,,,421507072,0.09098010003799573,3,100,,,,,,,,1500,,,,0.09196640003938228
,,equal,,,pennylane.default.mixed + independent Pauli binomial measurement,,,,,1500,,,,,,,,,-1.2733333333333334,1.8523680655039167,,,,linear,,,,,,9,,,True,,-3.12570139883725,0.18500000000000028,,,4485c857e4a62ffe,mitigation,,,"Process RSS sampled every 10ms; includes imported dependencies, may miss short peaks",,,-1.1450000000000002,1.98070139883725,0.07018829966329972,,circuit-level local Markov channels; ideal basis measurement + readout flips,,,,,,421527552,,0.1,3,-0.96,2.16570139883725,0.047854545454545455,,,,,421507072,0.11824520002119243,4,100,,,,,,,,1500,,,,0.11931540002115071
,,equal,,,pennylane.default.mixed + independent Pauli binomial measurement,,,,,1500,,,,,,,,,-1.3266666666666669,1.7990347321705833,,,,richardson,,,,,,9,,,True,,-3.12570139883725,1.3100000000000054,,,6472e63cae098150,mitigation,,,"Process RSS sampled every 10ms; includes imported dependencies, may miss short peaks",,,-2.6100000000000056,0.5157013988372445,0.24809078282828392,,circuit-level local Markov channels; ideal basis measurement + readout flips,,,,,,421527552,,0.1,3,-1.3000000000000003,1.82570139883725,0.04618585858585858,,,,,421507072,0.09428789996309206,0,100,,,,,,,,1500,,,,0.09528589999536052
,,equal,,,pennylane.default.mixed + independent Pauli binomial measurement,,,,,1500,,,,,,,,,-1.3866666666666665,1.7390347321705837,,,,richardson,,,,,,9,,,True,,-3.12570139883725,0.5325000000000029,,,d6623ae4809bbd6e,mitigation,,,"Process RSS sampled every 10ms; includes imported dependencies, may miss short peaks",,,-2.072500000000003,1.0532013988372473,0.2436330176767688,,circuit-level local Markov channels; ideal basis measurement + readout flips,,,,,,421523456,,0.1,3,-1.54,1.5857013988372501,0.04542626262626263,,,,,421507072,0.09149869997054338,1,100,,,,,,,,1500,,,,0.09253020002506673
,,equal,,,pennylane.default.mixed + independent Pauli binomial measurement,,,,,1500,,,,,,,,,-1.3800000000000001,1.74570139883725,,,,richardson,,,,,,9,,,True,,-3.12570139883725,0.4450000000000016,,,d753252194d84c44,mitigation,,,"Process RSS sampled every 10ms; includes imported dependencies, may miss short peaks",,,-1.4650000000000016,1.6607013988372485,0.2532212121212133,,circuit-level local Markov channels; ideal basis measurement + readout flips,,,,,,421527552,,0.1,3,-1.0199999999999998,2.10570139883725,0.047882828282828284,,,,,421507072,0.10655200004111975,2,100,,,,,,,,1500,,,,0.1078432000358589
,,equal,,,pennylane.default.mixed + independent Pauli binomial measurement,,,,,1500,,,,,,,,,-1.3533333333333333,1.772368065503917,,,,richardson,,,,,,9,,,True,,-3.12570139883725,0.7975000000000037,,,5769560853a23b4b,mitigation,,,"Process RSS sampled every 10ms; includes imported dependencies, may miss short peaks",,,-2.1575000000000037,0.9682013988372464,0.24742354797979912,,circuit-level local Markov channels; ideal basis measurement + readout flips,,,,,,421527552,,0.1,3,-1.36,1.76570139883725,0.0461010101010101,,,,,421507072,0.11459700000705197,3,100,,,,,,,,1500,,,,0.11563310003839433
,,equal,,,pennylane.default.mixed + independent Pauli binomial measurement,,,,,1500,,,,,,,,,-1.2733333333333334,1.8523680655039167,,,,richardson,,,,,,9,,,True,,-3.12570139883725,0.04250000000000087,,,aadb62693d7ea942,mitigation,,,"Process RSS sampled every 10ms; includes imported dependencies, may miss short peaks",,,-1.0025000000000008,2.1232013988372493,0.2511421085858598,,circuit-level local Markov channels; ideal basis measurement + readout flips,,,,,,421527552,,0.1,3,-0.96,2.16570139883725,0.047854545454545455,,,,,421507072,0.11256710003362969,4,100,,,,,,,,1500,,,,0.11348380002891645
,,equal,,,pennylane.default.mixed + independent Pauli binomial measurement,,,,,15000,,,,,,,,,-1.2946666666666669,1.8310347321705833,,,,linear,,,,,,9,,,True,,-3.12570139883725,0.22166666666666712,,,e1f23545ed849e68,mitigation,,,"Process RSS sampled every 10ms; includes imported dependencies, may miss short peaks",,,-1.483666666666667,1.6420347321705833,0.00687155522188856,,circuit-level local Markov channels; ideal basis measurement + readout flips,,,,,,421527552,,0.1,3,-1.2619999999999998,1.8637013988372504,0.00465147947947948,,,,,421507072,0.10123129998100922,0,1000,,,,,,,,15000,,,,0.10223489999771118
,,equal,,,pennylane.default.mixed + independent Pauli binomial measurement,,,,,15000,,,,,,,,,-1.2253333333333334,1.9003680655039168,,,,linear,,,,,,9,,,True,,-3.12570139883725,0.12250000000000028,,,0077e283ab2d56f0,mitigation,,,"Process RSS sampled every 10ms; includes imported dependencies, may miss short peaks",,,-1.4345000000000003,1.6912013988372498,0.006851122427983544,,circuit-level local Markov channels; ideal basis measurement + readout flips,,,,,,421523456,,0.1,3,-1.312,1.8137013988372501,0.00463187987987988,,,,,421507072,0.09980039997026324,1,1000,,,,,,,,15000,,,,0.10074669995810837
,,equal,,,pennylane.default.mixed + independent Pauli binomial measurement,,,,,15000,,,,,,,,,-1.3520000000000003,1.7737013988372499,,,,linear,,,,,,9,,,True,,-3.12570139883725,0.15033333333333387,,,e4aa6488f4d77ca3,mitigation,,,"Process RSS sampled every 10ms; includes imported dependencies, may miss short peaks",,,-1.4443333333333337,1.6813680655039165,0.006842418362807255,,circuit-level local Markov channels; ideal basis measurement + readout flips,,,,,,421527552,,0.1,3,-1.2939999999999998,1.8317013988372504,0.004624772772772772,,,,,421507072,0.07990360003896058,2,1000,,,,,,,,15000,,,,0.08081000001402572
,,equal,,,pennylane.default.mixed + independent Pauli binomial measurement,,,,,15000,,,,,,,,,-1.3433333333333333,1.782368065503917,,,,linear,,,,,,9,,,True,,-3.12570139883725,0.15300000000000047,,,7719fa3459cb0265,mitigation,,,"Process RSS sampled every 10ms; includes imported dependencies, may miss short peaks",,,-1.4910000000000003,1.6347013988372499,0.006831101379156939,,circuit-level local Markov channels; ideal basis measurement + readout flips,,,,,,421527552,,0.1,3,-1.3379999999999999,1.7877013988372503,0.00461212012012012,,,,,421507072,0.09769729996332899,3,1000,,,,,,,,15000,,,,0.09861669997917488
,,equal,,,pennylane.default.mixed + independent Pauli binomial measurement,,,,,15000,,,,,,,,,-1.2913333333333332,1.834368065503917,,,,linear,,,,,,9,,,True,,-3.12570139883725,0.1778333333333335,,,59c0914ea473ff3f,mitigation,,,"Process RSS sampled every 10ms; includes imported dependencies, may miss short peaks",,,-1.3918333333333335,1.7338680655039167,0.006893620481592709,,circuit-level local Markov channels; ideal basis measurement + readout flips,,,,,,421527552,,0.1,3,-1.214,1.9117013988372502,0.004669337337337338,,,,,421507072,0.11774190003052354,4,1000,,,,,,,,15000,,,,0.11892779998015612
,,equal,,,pennylane.default.mixed + independent Pauli binomial measurement,,,,,15000,,,,,,,,,-1.2946666666666669,1.8310347321705833,,,,richardson,,,,,,9,,,True,,-3.12570139883725,0.4845000000000024,,,af922416e7deba5b,mitigation,,,"Process RSS sampled every 10ms; includes imported dependencies, may miss short peaks",,,-1.7465000000000022,1.379201398837248,0.024756733233233345,,circuit-level local Markov channels; ideal basis measurement + readout flips,,,,,,421527552,,0.1,3,-1.2619999999999998,1.8637013988372504,0.00465147947947948,,,,,421507072,0.08696710004005581,0,1000,,,,,,,,15000,,,,0.08806089998688549
,,equal,,,pennylane.default.mixed + independent Pauli binomial measurement,,,,,15000,,,,,,,,,-1.2253333333333334,1.9003680655039168,,,,richardson,,,,,,9,,,True,,-3.12570139883725,0.7827500000000034,,,d2c2ff8f9b5095b8,mitigation,,,"Process RSS sampled every 10ms; includes imported dependencies, may miss short peaks",,,-2.0947500000000034,1.0309513988372467,0.024732566504004117,,circuit-level local Markov channels; ideal basis measurement + readout flips,,,,,,421593088,,0.1,3,-1.312,1.8137013988372501,0.00463187987987988,,,,,421572608,0.09630330000072718,1,1000,,,,,,,,15000,,,,0.0972810999955982
,,equal,,,pennylane.default.mixed + independent Pauli binomial measurement,,,,,15000,,,,,,,,,-1.3520000000000003,1.7737013988372499,,,,richardson,,,,,,9,,,True,,-3.12570139883725,0.676000000000003,,,9b599fa2aebce3a5,mitigation,,,"Process RSS sampled every 10ms; includes imported dependencies, may miss short peaks",,,-1.9700000000000029,1.1557013988372473,0.02470735723223234,,circuit-level local Markov channels; ideal basis measurement + readout flips,,,,,,421593088,,0.1,3,-1.2939999999999998,1.8317013988372504,0.004624772772772772,,,,,421572608,0.12524250004207715,2,1000,,,,,,,,15000,,,,0.12622119998559356
,,equal,,,pennylane.default.mixed + independent Pauli binomial measurement,,,,,15000,,,,,,,,,-1.3433333333333333,1.782368065503917,,,,richardson,,,,,,9,,,True,,-3.12570139883725,0.7990000000000037,,,3eab87c3d361b0fa,mitigation,,,"Process RSS sampled every 10ms; includes imported dependencies, may miss short peaks",,,-2.1370000000000036,0.9887013988372466,0.024674556681681798,,circuit-level local Markov channels; ideal basis measurement + readout flips,,,,,,421593088,,0.1,3,-1.3379999999999999,1.7877013988372503,0.00461212012012012,,,,,421572608,0.09630319999996573,3,1000,,,,,,,,15000,,,,0.09716240002308041
,,equal,,,pennylane.default.mixed + independent Pauli binomial measurement,,,,,15000,,,,,,,,,-1.2913333333333332,1.834368065503917,,,,richardson,,,,,,9,,,True,,-3.12570139883725,0.4707500000000022,,,96dedc65a9226051,mitigation,,,"Process RSS sampled every 10ms; includes imported dependencies, may miss short peaks",,,-1.6847500000000022,1.440951398837248,0.02482418487237249,,circuit-level local Markov channels; ideal basis measurement + readout flips,,,,,,421593088,,0.1,3,-1.214,1.9117013988372502,0.004669337337337338,,,,,421572608,0.09908459999132901,4,1000,,,,,,,,15000,,,,0.10003430000506341
,,equal,,,pennylane.default.mixed + independent Pauli binomial measurement,,,,,150000,,,,,,,,,-1.304733333333333,1.820968065503917,,,,linear,,,,,,9,,,True,,-3.12570139883725,0.16178333333333406,,,5cfbc6d9ce0dcd2b,mitigation,,,"Process RSS sampled every 10ms; includes imported dependencies, may miss short peaks",,,-1.468783333333334,1.6569180655039162,0.0006837639861486155,,circuit-level local Markov channels; ideal basis measurement + readout flips,,,,,,421588992,,0.1,3,-1.307,1.8187013988372502,0.00046212789678967903,,,,,421572608,0.09157589997630566,0,10000,,,,,,,,150000,,,,0.09246220003115013
,,equal,,,pennylane.default.mixed + independent Pauli binomial measurement,,,,,150000,,,,,,,,,-1.2845333333333335,1.8411680655039167,,,,linear,,,,,,9,,,True,,-3.12570139883725,0.1492833333333341,,,9a5115fc5efbf024,mitigation,,,"Process RSS sampled every 10ms; includes imported dependencies, may miss short peaks",,,-1.472483333333334,1.6532180655039161,0.000683590752325233,,circuit-level local Markov channels; ideal basis measurement + readout flips,,,,,,421593088,,0.1,3,-1.3232,1.8025013988372502,0.0004618843084308431,,,,,421572608,0.11313130002235994,1,10000,,,,,,,,150000,,,,0.11416949995327741
,,equal,,,pennylane.default.mixed + independent Pauli binomial measurement,,,,,150000,,,,,,,,,-1.3251333333333333,1.800568065503917,,,,linear,,,,,,9,,,True,,-3.12570139883725,0.15426666666666722,,,7bc1b8abf42def19,mitigation,,,"Process RSS sampled every 10ms; includes imported dependencies, may miss short peaks",,,-1.4712666666666672,1.654434732170583,0.0006830748527630546,,circuit-level local Markov channels; ideal basis measurement + readout flips,,,,,,421593088,,0.1,3,-1.317,1.8087013988372502,0.0004614622622262226,,,,,421572608,0.0911807999946177,2,10000,,,,,,,,150000,,,,0.09206860000267625
,,equal,,,pennylane.default.mixed + independent Pauli binomial measurement,,,,,150000,,,,,,,,,-1.3306,1.7951013988372502,,,,linear,,,,,,9,,,True,,-3.12570139883725,0.15006666666666724,,,c7cc5fe671aea52a,mitigation,,,"Process RSS sampled every 10ms; includes imported dependencies, may miss short peaks",,,-1.4414666666666673,1.6842347321705828,0.0006844143721038774,,circuit-level local Markov channels; ideal basis measurement + readout flips,,,,,,421593088,,0.1,3,-1.2914,1.83430139883725,0.00046257543754375433,,,,,421572608,0.10151000000769272,3,10000,,,,,,,,150000,,,,0.10253550001652911
,,equal,,,pennylane.default.mixed + independent Pauli binomial measurement,,,,,150000,,,,,,,,,-1.3069333333333333,1.818768065503917,,,,linear,,,,,,9,,,True,,-3.12570139883725,0.15056666666666696,,,5eb25929a1e4033a,mitigation,,,"Process RSS sampled every 10ms; includes imported dependencies, may miss short peaks",,,-1.451566666666667,1.6741347321705833,0.0006838128943449904,,circuit-level local Markov channels; ideal basis measurement + readout flips,,,,,,421593088,,0.1,3,-1.301,1.8247013988372502,0.0004621761736173617,,,,,421572608,0.08427789999404922,4,10000,,,,,,,,150000,,,,0.08517610002309084
,,equal,,,pennylane.default.mixed + independent Pauli binomial measurement,,,,,150000,,,,,,,,,-1.304733333333333,1.820968065503917,,,,richardson,,,,,,9,,,True,,-3.12570139883725,0.6755750000000029,,,762f69de2d87093b,mitigation,,,"Process RSS sampled every 10ms; includes imported dependencies, may miss short peaks",,,-1.9825750000000029,1.1431263988372473,0.002467912788966408,,circuit-level local Markov channels; ideal basis measurement + readout flips,,,,,,421593088,,0.1,3,-1.307,1.8187013988372502,0.00046212789678967903,,,,,421572608,0.1229520000051707,0,10000,,,,,,,,150000,,,,0.12410290003754199
,,equal,,,pennylane.default.mixed + independent Pauli binomial measurement,,,,,150000,,,,,,,,,-1.2845333333333335,1.8411680655039167,,,,richardson,,,,,,9,,,True,,-3.12570139883725,0.7305250000000032,,,29aef8b536177aba,mitigation,,,"Process RSS sampled every 10ms; includes imported dependencies, may miss short peaks",,,-2.053725000000003,1.071976398837247,0.0024677169025027618,,circuit-level local Markov channels; ideal basis measurement + readout flips,,,,,,421593088,,0.1,3,-1.3232,1.8025013988372502,0.0004618843084308431,,,,,421572608,0.10507069999584928,1,10000,,,,,,,,150000,,,,0.10606399999232963
,,equal,,,pennylane.default.mixed + independent Pauli binomial measurement,,,,,150000,,,,,,,,,-1.3251333333333333,1.800568065503917,,,,richardson,,,,,,9,,,True,,-3.12570139883725,0.6992500000000035,,,accd06fa30a37e69,mitigation,,,"Process RSS sampled every 10ms; includes imported dependencies, may miss short peaks",,,-2.0162500000000034,1.1094513988372467,0.002466061329007912,,circuit-level local Markov channels; ideal basis measurement + readout flips,,,,,,421593088,,0.1,3,-1.317,1.8087013988372502,0.0004614622622262226,,,,,421572608,0.10585550003452227,2,10000,,,,,,,,150000,,,,0.10679409996373579
,,equal,,,pennylane.default.mixed + independent Pauli binomial measurement,,,,,150000,,,,,,,,,-1.3306,1.7951013988372502,,,,richardson,,,,,,9,,,True,,-3.12570139883725,0.6979000000000035,,,addd894c9f23bbba,mitigation,,,"Process RSS sampled every 10ms; includes imported dependencies, may miss short peaks",,,-1.9893000000000036,1.1364013988372466,0.0024702713938894003,,circuit-level local Markov channels; ideal basis measurement + readout flips,,,,,,421593088,,0.1,3,-1.2914,1.83430139883725,0.00046257543754375433,,,,,421572608,0.09046380000654608,3,10000,,,,,,,,150000,,,,0.09138359996723011
,,equal,,,pennylane.default.mixed + independent Pauli binomial measurement,,,,,150000,,,,,,,,,-1.3069333333333333,1.818768065503917,,,,richardson,,,,,,9,,,True,,-3.12570139883725,0.6803500000000031,,,7e1402d482ca9432,mitigation,,,"Process RSS sampled every 10ms; includes imported dependencies, may miss short peaks",,,-1.981350000000003,1.1443513988372471,0.002467507333358347,,circuit-level local Markov channels; ideal basis measurement + readout flips,,,,,,421593088,,0.1,3,-1.301,1.8247013988372502,0.0004621761736173617,,,,,421572608,0.12033539998810738,4,10000,,,,,,,,150000,,,,0.12133409996749833
,,,,0.7805462137110559,,,,COBYLA max function evaluations; BFGS/Nelder-Mead max iterations,6,,1,,,,,,,,,,4,,3.1221848548442237,,path,,,27,14,,,,,,,,,7,3a19d0b206e50c3f,qaoa,,,"Process RSS sampled every 10ms; includes imported dependencies, may miss short peaks",,,,,,,,,BFGS,Optimization terminated successfully.,True,2,421642240,,,5,,,,,,,,421572608,,0,1000,,,,,,,,,,,,0.15365980000933632
,,,,0.7805462137112584,,,,COBYLA max function evaluations; BFGS/Nelder-Mead max iterations,6,,1,,,,,,,,,,4,,3.1221848548450337,,path,,,42,14,,,,,,,,,9,8187d2d0318649d5,qaoa,,,"Process RSS sampled every 10ms; includes imported dependencies, may miss short peaks",,,,,,,,,BFGS,Optimization terminated successfully.,True,2,421675008,,,5,,,,,,,,421650432,,1,1000,,,,,,,,,,,,0.1483621000079438
,,,,0.7805462137113102,,,,COBYLA max function evaluations; BFGS/Nelder-Mead max iterations,6,,1,,,,,,,,,,4,,3.1221848548452407,,path,,,30,14,,,,,,,,,7,a4ab850b32678754,qaoa,,,"Process RSS sampled every 10ms; includes imported dependencies, may miss short peaks",,,,,,,,,BFGS,Optimization terminated successfully.,True,2,421699584,,,5,,,,,,,,421679104,,2,1000,,,,,,,,,,,,0.08539660001406446
,,,,0.7805462137113721,,,,COBYLA max function evaluations; BFGS/Nelder-Mead max iterations,6,,1,,,,,,,,,,4,,3.1221848548454885,,path,,,24,14,,,,,,,,,6,6243d02686005c8b,qaoa,,,"Process RSS sampled every 10ms; includes imported dependencies, may miss short peaks",,,,,,,,,BFGS,Optimization terminated successfully.,True,2,421724160,,,5,,,,,,,,421695488,,3,1000,,,,,,,,,,,,0.09706309996545315
,,,,0.7805462137113718,,,,COBYLA max function evaluations; BFGS/Nelder-Mead max iterations,6,,1,,,,,,,,,,4,,3.122184854845487,,path,,,24,14,,,,,,,,,5,4185b8c40473f740,qaoa,,,"Process RSS sampled every 10ms; includes imported dependencies, may miss short peaks",,,,,,,,,BFGS,Optimization terminated successfully.,True,2,421752832,,,5,,,,,,,,421728256,,4,1000,,,,,,,,,,,,0.07139090000418946
,,,,0.780546208501427,,,,COBYLA max function evaluations; BFGS/Nelder-Mead max iterations,6,,1,,,,,,,,,,4,,3.122184834005708,,path,,,66,14,,,,,,,,,55,75915bf1fd52253c,qaoa,,,"Process RSS sampled every 10ms; includes imported dependencies, may miss short peaks",,,,,,,,,COBYLA,Return from COBYLA because the trust region radius reaches its lower bound.,True,2,422084608,,,5,,,,,,,,421748736,,0,1000,,,,,,,,,,,,0.8567207000451162
,,,,0.7805461901424295,,,,COBYLA max function evaluations; BFGS/Nelder-Mead max iterations,6,,1,,,,,,,,,,4,,3.122184760569718,,path,,,42,14,,,,,,,,,32,1171406b8567c444,qaoa,,,"Process RSS sampled every 10ms; includes imported dependencies, may miss short peaks",,,,,,,,,COBYLA,Return from COBYLA because the trust region radius reaches its lower bound.,True,2,422150144,,,5,,,,,,,,422076416,,1,1000,,,,,,,,,,,,0.27357540000230074
,,,,0.7805461452281501,,,,COBYLA max function evaluations; BFGS/Nelder-Mead max iterations,6,,1,,,,,,,,,,4,,3.1221845809126005,,path,,,50,14,,,,,,,,,39,4b8509ae54bfbc49,qaoa,,,"Process RSS sampled every 10ms; includes imported dependencies, may miss short peaks",,,,,,,,,COBYLA,Return from COBYLA because the trust region radius reaches its lower bound.,True,2,422223872,,,5,,,,,,,,422133760,,2,1000,,,,,,,,,,,,0.31606470001861453
,,,,0.7805462021072118,,,,COBYLA max function evaluations; BFGS/Nelder-Mead max iterations,6,,1,,,,,,,,,,4,,3.1221848084288473,,path,,,46,14,,,,,,,,,36,14a57b79824014b1,qaoa,,,"Process RSS sampled every 10ms; includes imported dependencies, may miss short peaks",,,,,,,,,COBYLA,Return from COBYLA because the trust region radius reaches its lower bound.,True,2,422256640,,,5,,,,,,,,422207488,,3,1000,,,,,,,,,,,,0.3167657000012696
,,,,0.7805462036453101,,,,COBYLA max function evaluations; BFGS/Nelder-Mead max iterations,6,,1,,,,,,,,,,4,,3.1221848145812405,,path,,,42,14,,,,,,,,,32,1d34f657039e38af,qaoa,,,"Process RSS sampled every 10ms; includes imported dependencies, may miss short peaks",,,,,,,,,COBYLA,Return from COBYLA because the trust region radius reaches its lower bound.,True,2,422277120,,,5,,,,,,,,422240256,,4,1000,,,,,,,,,,,,0.27978949999669567
,,,,0.8818281628995681,,,,COBYLA max function evaluations; BFGS/Nelder-Mead max iterations,11,,2,,,,,,,,,,4,,3.5273126515982725,,path,,,110,23,,,,,,,,,18,1ce5aa4c21cb67b4,qaoa,,,"Process RSS sampled every 10ms; includes imported dependencies, may miss short peaks",,,,,,,,,BFGS,Optimization terminated successfully.,True,4,422281216,,,5,,,,,,,,422256640,,0,1000,,,,,,,,,,,,0.46429540001554415
,,,,0.8818281628995365,,,,COBYLA max function evaluations; BFGS/Nelder-Mead max iterations,11,,2,,,,,,,,,,4,,3.527312651598146,,path,,,145,23,,,,,,,,,20,d44834c290e953d7,qaoa,,,"Process RSS sampled every 10ms; includes imported dependencies, may miss short peaks",,,,,,,,,BFGS,Optimization terminated successfully.,True,4,422281216,,,5,,,,,,,,422260736,,1,1000,,,,,,,,,,,,0.625755500048399
,,,,0.8482753354863235,,,,COBYLA max function evaluations; BFGS/Nelder-Mead max iterations,11,,2,,,,,,,,,,4,,3.393101341945294,,path,,,115,23,,,,,,,,,20,7f5068c298d67086,qaoa,,,"Process RSS sampled every 10ms; includes imported dependencies, may miss short peaks",,,,,,,,,BFGS,Optimization terminated successfully.,True,4,422281216,,,5,,,,,,,,422260736,,2,1000,,,,,,,,,,,,0.48049290000926703
,,,,0.8482753354879273,,,,COBYLA max function evaluations; BFGS/Nelder-Mead max iterations,11,,2,,,,,,,,,,4,,3.3931013419517093,,path,,,150,23,,,,,,,,,24,867bd85b20cba7c1,qaoa,,,"Process RSS sampled every 10ms; includes imported dependencies, may miss short peaks",,,,,,,,,BFGS,Optimization terminated successfully.,True,4,422281216,,,5,,,,,,,,422260736,,3,1000,,,,,,,,,,,,0.6995834000408649
,,,,0.8818281628995295,,,,COBYLA max function evaluations; BFGS/Nelder-Mead max iterations,11,,2,,,,,,,,,,4,,3.527312651598118,,path,,,95,23,,,,,,,,,15,77235901d8ea85fd,qaoa,,,"Process RSS sampled every 10ms; includes imported dependencies, may miss short peaks",,,,,,,,,BFGS,Optimization terminated successfully.,True,4,422293504,,,5,,,,,,,,422268928,,4,1000,,,,,,,,,,,,0.4676037000026554
,,,,0.880928011439978,,,,COBYLA max function evaluations; BFGS/Nelder-Mead max iterations,11,,2,,,,,,,,,,4,,3.523712045759912,,path,,,100,23,,,,,,,,,76,fe65cd02f7c088a9,qaoa,,,"Process RSS sampled every 10ms; includes imported dependencies, may miss short peaks",,,,,,,,,COBYLA,Return from COBYLA because the objective function has been evaluated MAXFUN times.,False,4,422301696,,,5,,,,,,,,422273024,,0,1000,,,,,,,,,,,,1.3787020000163466
,,,,0.8806564211624888,,,,COBYLA max function evaluations; BFGS/Nelder-Mead max iterations,11,,2,,,,,,,,,,4,,3.522625684649955,,path,,,100,23,,,,,,,,,77,50232ded10851e32,qaoa,,,"Process RSS sampled every 10ms; includes imported dependencies, may miss short peaks",,,,,,,,,COBYLA,Return from COBYLA because the objective function has been evaluated MAXFUN times.,False,4,422309888,,,5,,,,,,,,422281216,,1,1000,,,,,,,,,,,,1.1136591999675147
,,,,0.8818231155881493,,,,COBYLA max function evaluations; BFGS/Nelder-Mead max iterations,11,,2,,,,,,,,,,4,,3.527292462352597,,path,,,100,23,,,,,,,,,77,a1bc53e7143c8194,qaoa,,,"Process RSS sampled every 10ms; includes imported dependencies, may miss short peaks",,,,,,,,,COBYLA,Return from COBYLA because the objective function has been evaluated MAXFUN times.,False,4,422322176,,,5,,,,,,,,422301696,,2,1000,,,,,,,,,,,,0.9165465999976732
,,,,0.8818238247834549,,,,COBYLA max function evaluations; BFGS/Nelder-Mead max iterations,11,,2,,,,,,,,,,4,,3.5272952991338196,,path,,,100,23,,,,,,,,,73,ed61500bafab7d95,qaoa,,,"Process RSS sampled every 10ms; includes imported dependencies, may miss short peaks",,,,,,,,,COBYLA,Return from COBYLA because the objective function has been evaluated MAXFUN times.,False,4,422326272,,,5,,,,,,,,422301696,,3,1000,,,,,,,,,,,,0.9599427000503056
,,,,0.8006095167021388,,,,COBYLA max function evaluations; BFGS/Nelder-Mead max iterations,11,,2,,,,,,,,,,4,,3.202438066808555,,path,,,100,23,,,,,,,,,79,cfe547fbbed3c790,qaoa,,,"Process RSS sampled every 10ms; includes imported dependencies, may miss short peaks",,,,,,,,,COBYLA,Return from COBYLA because the objective function has been evaluated MAXFUN times.,False,4,422330368,,,5,,,,,,,,422305792,,4,1000,,,,,,,,,,,,1.3383838000008836
,,,,0.9010307674525699,,,,COBYLA max function evaluations; BFGS/Nelder-Mead max iterations,16,,3,,,,,,,,,,4,,3.6041230698102797,,path,,,336,32,,,,,,,,,39,97e514e690ba827f,qaoa,,,"Process RSS sampled every 10ms; includes imported dependencies, may miss short peaks",,,,,,,,,BFGS,Optimization terminated successfully.,True,6,422330368,,,5,,,,,,,,422309888,,0,1000,,,,,,,,,,,,2.261745299969334
,,,,0.9432041896262562,,,,COBYLA max function evaluations; BFGS/Nelder-Mead max iterations,16,,3,,,,,,,,,,4,,3.7728167585050247,,path,,,231,32,,,,,,,,,23,b5ae6d8842cc0b8e,qaoa,,,"Process RSS sampled every 10ms; includes imported dependencies, may miss short peaks",,,,,,,,,BFGS,Optimization terminated successfully.,True,6,422330368,,,5,,,,,,,,422309888,,1,1000,,,,,,,,,,,,1.6475923000252806
,,,,0.9432041896261867,,,,COBYLA max function evaluations; BFGS/Nelder-Mead max iterations,16,,3,,,,,,,,,,4,,3.7728167585047467,,path,,,252,32,,,,,,,,,26,2a88dd2e53b48080,qaoa,,,"Process RSS sampled every 10ms; includes imported dependencies, may miss short peaks",,,,,,,,,BFGS,Optimization terminated successfully.,True,6,422330368,,,5,,,,,,,,422309888,,2,1000,,,,,,,,,,,,1.752359299978707
,,,,0.9432041896262396,,,,COBYLA max function evaluations; BFGS/Nelder-Mead max iterations,16,,3,,,,,,,,,,4,,3.7728167585049586,,path,,,245,32,,,,,,,,,29,5356d24a90a74584,qaoa,,,"Process RSS sampled every 10ms; includes imported dependencies, may miss short peaks",,,,,,,,,BFGS,Optimization terminated successfully.,True,6,422330368,,,5,,,,,,,,422309888,,3,1000,,,,,,,,,,,,1.5033820999669842
,,,,0.9432041896216488,,,,COBYLA max function evaluations; BFGS/Nelder-Mead max iterations,16,,3,,,,,,,,,,4,,3.772816758486595,,path,,,217,32,,,,,,,,,22,325382fe6ac7de82,qaoa,,,"Process RSS sampled every 10ms; includes imported dependencies, may miss short peaks",,,,,,,,,BFGS,Optimization terminated successfully.,True,6,422326272,,,5,,,,,,,,422309888,,4,1000,,,,,,,,,,,,1.2752459000330418
,,,,0.8603047356321556,,,,COBYLA max function evaluations; BFGS/Nelder-Mead max iterations,16,,3,,,,,,,,,,4,,3.4412189425286224,,path,,,100,32,,,,,,,,,74,374a90ca5f7fa3c2,qaoa,,,"Process RSS sampled every 10ms; includes imported dependencies, may miss short peaks",,,,,,,,,COBYLA,Return from COBYLA because the objective function has been evaluated MAXFUN times.,False,6,422342656,,,5,,,,,,,,422309888,,0,1000,,,,,,,,,,,,1.199027800001204
,,,,0.91863586064115,,,,COBYLA max function evaluations; BFGS/Nelder-Mead max iterations,16,,3,,,,,,,,,,4,,3.6745434425646,,path,,,100,32,,,,,,,,,82,6e645513804b0ec8,qaoa,,,"Process RSS sampled every 10ms; includes imported dependencies, may miss short peaks",,,,,,,,,COBYLA,Return from COBYLA because the objective function has been evaluated MAXFUN times.,False,6,422342656,,,5,,,,,,,,422322176,,1,1000,,,,,,,,,,,,1.2250922999810427
,,,,0.9010058307046479,,,,COBYLA max function evaluations; BFGS/Nelder-Mead max iterations,16,,3,,,,,,,,,,4,,3.6040233228185916,,path,,,100,32,,,,,,,,,77,d2d82343f77cc3e1,qaoa,,,"Process RSS sampled every 10ms; includes imported dependencies, may miss short peaks",,,,,,,,,COBYLA,Return from COBYLA because the objective function has been evaluated MAXFUN times.,False,6,422346752,,,5,,,,,,,,422322176,,2,1000,,,,,,,,,,,,1.1101983000407927
,,,,0.8953561417295985,,,,COBYLA max function evaluations; BFGS/Nelder-Mead max iterations,16,,3,,,,,,,,,,4,,3.581424566918394,,path,,,100,32,,,,,,,,,76,f378be8daabeb570,qaoa,,,"Process RSS sampled every 10ms; includes imported dependencies, may miss short peaks",,,,,,,,,COBYLA,Return from COBYLA because the objective function has been evaluated MAXFUN times.,False,6,422350848,,,5,,,,,,,,422326272,,3,1000,,,,,,,,,,,,1.3056687000207603
,,,,0.8844872951257836,,,,COBYLA max function evaluations; BFGS/Nelder-Mead max iterations,16,,3,,,,,,,,,,4,,3.5379491805031344,,path,,,100,32,,,,,,,,,73,8b3614ab6a6dc734,qaoa,,,"Process RSS sampled every 10ms; includes imported dependencies, may miss short peaks",,,,,,,,,COBYLA,Return from COBYLA because the objective function has been evaluated MAXFUN times.,False,6,422350848,,,5,,,,,,,,422330368,,4,1000,,,,,,,,,,,,1.1199094000039622
,,,,0.9374999999999982,,,,COBYLA max function evaluations; BFGS/Nelder-Mead max iterations,7,,1,,,,,,,,,,4,,3.749999999999993,,cycle,,,24,15,,,,,,,,,5,28d024263e48e0c4,qaoa,,,"Process RSS sampled every 10ms; includes imported dependencies, may miss short peaks",,,,,,,,,BFGS,Optimization terminated successfully.,True,2,422359040,,,5,,,,,,,,422330368,,0,1000,,,,,,,,,,,,0.0748190000304021
,,,,0.9374999999999984,,,,COBYLA max function evaluations; BFGS/Nelder-Mead max iterations,7,,1,,,,,,,,,,4,,3.749999999999994,,cycle,,,42,15,,,,,,,,,9,3c952bcdbcd8db32,qaoa,,,"Process RSS sampled every 10ms; includes imported dependencies, may miss short peaks",,,,,,,,,BFGS,Optimization terminated successfully.,True,2,422404096,,,5,,,,,,,,422346752,,1,1000,,,,,,,,,,,,0.14779279998037964
,,,,0.9374999999999896,,,,COBYLA max function evaluations; BFGS/Nelder-Mead max iterations,7,,1,,,,,,,,,,4,,3.7499999999999583,,cycle,,,30,15,,,,,,,,,7,3522fcc0c119afc6,qaoa,,,"Process RSS sampled every 10ms; includes imported dependencies, may miss short peaks",,,,,,,,,BFGS,Optimization terminated successfully.,True,2,422436864,,,5,,,,,,,,422391808,,2,1000,,,,,,,,,,,,0.096020299999509
,,,,0.937499999997426,,,,COBYLA max function evaluations; BFGS/Nelder-Mead max iterations,7,,1,,,,,,,,,,4,,3.749999999989704,,cycle,,,27,15,,,,,,,,,7,e5ea4af77a3a4d51,qaoa,,,"Process RSS sampled every 10ms; includes imported dependencies, may miss short peaks",,,,,,,,,BFGS,Optimization terminated successfully.,True,2,422453248,,,5,,,,,,,,422424576,,3,1000,,,,,,,,,,,,0.10530230001313612
,,,,0.9374999999999973,,,,COBYLA max function evaluations; BFGS/Nelder-Mead max iterations,7,,1,,,,,,,,,,4,,3.7499999999999893,,cycle,,,24,15,,,,,,,,,5,4906f21f2e5cacfb,qaoa,,,"Process RSS sampled every 10ms; includes imported dependencies, may miss short peaks",,,,,,,,,BFGS,Optimization terminated successfully.,True,2,422477824,,,5,,,,,,,,422440960,,4,1000,,,,,,,,,,,,0.08959399996092543
,,,,0.9374999876704604,,,,COBYLA max function evaluations; BFGS/Nelder-Mead max iterations,7,,1,,,,,,,,,,4,,3.7499999506818416,,cycle,,,34,15,,,,,,,,,26,7c5fea63181344b8,qaoa,,,"Process RSS sampled every 10ms; includes imported dependencies, may miss short peaks",,,,,,,,,COBYLA,Return from COBYLA because the trust region radius reaches its lower bound.,True,2,422506496,,,5,,,,,,,,422461440,,0,1000,,,,,,,,,,,,0.26545480004278943
,,,,0.9374999569144941,,,,COBYLA max function evaluations; BFGS/Nelder-Mead max iterations,7,,1,,,,,,,,,,4,,3.7499998276579762,,cycle,,,57,15,,,,,,,,,47,3905a74f99828ec1,qaoa,,,"Process RSS sampled every 10ms; includes imported dependencies, may miss short peaks",,,,,,,,,COBYLA,Return from COBYLA because the trust region radius reaches its lower bound.,True,2,422559744,,,5,,,,,,,,422490112,,1,1000,,,,,,,,,,,,0.45231630001217127
,,,,0.9374999924847145,,,,COBYLA max function evaluations; BFGS/Nelder-Mead max iterations,7,,1,,,,,,,,,,4,,3.749999969938858,,cycle,,,42,15,,,,,,,,,34,06fd984ec1735b96,qaoa,,,"Process RSS sampled every 10ms; includes imported dependencies, may miss short peaks",,,,,,,,,COBYLA,Return from COBYLA because the trust region radius reaches its lower bound.,True,2,422592512,,,5,,,,,,,,422539264,,2,1000,,,,,,,,,,,,0.2985756999696605
,,,,0.9374999872153106,,,,COBYLA max function evaluations; BFGS/Nelder-Mead max iterations,7,,1,,,,,,,,,,4,,3.7499999488612423,,cycle,,,45,15,,,,,,,,,33,63a5d404c2f8064c,qaoa,,,"Process RSS sampled every 10ms; includes imported dependencies, may miss short peaks",,,,,,,,,COBYLA,Return from COBYLA because the trust region radius reaches its lower bound.,True,2,422629376,,,5,,,,,,,,422572032,,3,1000,,,,,,,,,,,,0.37433139997301623
,,,,0.9374999999480477,,,,COBYLA max function evaluations; BFGS/Nelder-Mead max iterations,7,,1,,,,,,,,,,4,,3.7499999997921907,,cycle,,,51,15,,,,,,,,,41,423a296d3a2e4744,qaoa,,,"Process RSS sampled every 10ms; includes imported dependencies, may miss short peaks",,,,,,,,,COBYLA,Return from COBYLA because the trust region radius reaches its lower bound.,True,2,422666240,,,5,,,,,,,,422608896,,4,1000,,,,,,,,,,,,0.3847386999987066
,,,,0.9999999999998928,,,,COBYLA max function evaluations; BFGS/Nelder-Mead max iterations,13,,2,,,,,,,,,,4,,3.999999999999571,,cycle,,,110,25,,,,,,,,,16,4f311c582798faca,qaoa,,,"Process RSS sampled every 10ms; includes imported dependencies, may miss short peaks",,,,,,,,,BFGS,Optimization terminated successfully.,True,4,422875136,,,5,,,,,,,,422658048,,0,1000,,,,,,,,,,,,0.529090299969539
,,,,0.9999999999998656,,,,COBYLA max function evaluations; BFGS/Nelder-Mead max iterations,13,,2,,,,,,,,,,4,,3.999999999999462,,cycle,,,125,25,,,,,,,,,20,4d21b912b28d9b43,qaoa,,,"Process RSS sampled every 10ms; includes imported dependencies, may miss short peaks",,,,,,,,,BFGS,Optimization terminated successfully.,True,4,423075840,,,5,,,,,,,,422854656,,1,1000,,,,,,,,,,,,0.5480507000465877
,,,,0.9999999999999156,,,,COBYLA max function evaluations; BFGS/Nelder-Mead max iterations,13,,2,,,,,,,,,,4,,3.9999999999996625,,cycle,,,145,25,,,,,,,,,25,a4dafb5fead5d68f,qaoa,,,"Process RSS sampled every 10ms; includes imported dependencies, may miss short peaks",,,,,,,,,BFGS,Optimization terminated successfully.,True,4,423186432,,,5,,,,,,,,423063552,,2,1000,,,,,,,,,,,,0.7396897000144236
,,,,0.9999999999963223,,,,COBYLA max function evaluations; BFGS/Nelder-Mead max iterations,13,,2,,,,,,,,,,4,,3.999999999985289,,cycle,,,170,25,,,,,,,,,29,04ca50e967334296,qaoa,,,"Process RSS sampled every 10ms; includes imported dependencies, may miss short peaks",,,,,,,,,BFGS,Optimization terminated successfully.,True,4,423194624,,,5,,,,,,,,423174144,,3,1000,,,,,,,,,,,,0.7678248999873176
,,,,0.9999999999987822,,,,COBYLA max function evaluations; BFGS/Nelder-Mead max iterations,13,,2,,,,,,,,,,4,,3.999999999995129,,cycle,,,100,25,,,,,,,,,16,ecbe13574b33957d,qaoa,,,"Process RSS sampled every 10ms; includes imported dependencies, may miss short peaks",,,,,,,,,BFGS,Optimization terminated successfully.,True,4,423194624,,,5,,,,,,,,423174144,,4,1000,,,,,,,,,,,,0.4770633999723941
,,,,0.99951939159536,,,,COBYLA max function evaluations; BFGS/Nelder-Mead max iterations,13,,2,,,,,,,,,,4,,3.99807756638144,,cycle,,,100,25,,,,,,,,,78,ecada8e2ae2c1acf,qaoa,,,"Process RSS sampled every 10ms; includes imported dependencies, may miss short peaks",,,,,,,,,COBYLA,Return from COBYLA because the objective function has been evaluated MAXFUN times.,False,4,423219200,,,5,,,,,,,,423174144,,0,1000,,,,,,,,,,,,1.1737267000135034
,,,,0.996125641163589,,,,COBYLA max function evaluations; BFGS/Nelder-Mead max iterations,13,,2,,,,,,,,,,4,,3.984502564654356,,cycle,,,100,25,,,,,,,,,75,794589e1cb1a4454,qaoa,,,"Process RSS sampled every 10ms; includes imported dependencies, may miss short peaks",,,,,,,,,COBYLA,Return from COBYLA because the objective function has been evaluated MAXFUN times.,False,4,423219200,,,5,,,,,,,,423198720,,1,1000,,,,,,,,,,,,1.000433899986092
,,,,0.9999993729639682,,,,COBYLA max function evaluations; BFGS/Nelder-Mead max iterations,13,,2,,,,,,,,,,4,,3.999997491855873,,cycle,,,100,25,,,,,,,,,75,c0ddb71899268c75,qaoa,,,"Process RSS sampled every 10ms; includes imported dependencies, may miss short peaks",,,,,,,,,COBYLA,Return from COBYLA because the objective function has been evaluated MAXFUN times.,False,4,423227392,,,5,,,,,,,,423198720,,2,1000,,,,,,,,,,,,1.001366299984511
,,,,0.9999999794611094,,,,COBYLA max function evaluations; BFGS/Nelder-Mead max iterations,13,,2,,,,,,,,,,4,,3.9999999178444376,,cycle,,,90,25,,,,,,,,,67,5fd3b0fe8e8b0c3a,qaoa,,,"Process RSS sampled every 10ms; includes imported dependencies, may miss short peaks",,,,,,,,,COBYLA,Return from COBYLA because the trust region radius reaches its lower bound.,True,4,423227392,,,5,,,,,,,,423206912,,3,1000,,,,,,,,,,,,0.97271429997636
,,,,0.9848703561786888,,,,COBYLA max function evaluations; BFGS/Nelder-Mead max iterations,13,,2,,,,,,,,,,4,,3.939481424714755,,cycle,,,100,25,,,,,,,,,79,9ee8a846d3274c61,qaoa,,,"Process RSS sampled every 10ms; includes imported dependencies, may miss short peaks",,,,,,,,,COBYLA,Return from COBYLA because the objective function has been evaluated MAXFUN times.,False,4,423235584,,,5,,,,,,,,423206912,,4,1000,,,,,,,,,,,,1.0353086999966763
,,,,0.9999999999999778,,,,COBYLA max function evaluations; BFGS/Nelder-Mead max iterations,19,,3,,,,,,,,,,4,,3.999999999999911,,cycle,,,175,35,,,,,,,,,19,8341f688f6dd31cc,qaoa,,,"Process RSS sampled every 10ms; includes imported dependencies, may miss short peaks",,,,,,,,,BFGS,Optimization terminated successfully.,True,6,423235584,,,5,,,,,,,,423215104,,0,1000,,,,,,,,,,,,1.0730403999914415
,,,,0.9999999999999741,,,,COBYLA max function evaluations; BFGS/Nelder-Mead max iterations,19,,3,,,,,,,,,,4,,3.9999999999998965,,cycle,,,140,35,,,,,,,,,14,b18c1ae0210453dc,qaoa,,,"Process RSS sampled every 10ms; includes imported dependencies, may miss short peaks",,,,,,,,,BFGS,Optimization terminated successfully.,True,6,423247872,,,5,,,,,,,,423223296,,1,1000,,,,,,,,,,,,0.8212804999784566
,,,,0.9999999999978448,,,,COBYLA max function evaluations; BFGS/Nelder-Mead max iterations,19,,3,,,,,,,,,,4,,3.9999999999913793,,cycle,,,112,35,,,,,,,,,10,0528044289045bb7,qaoa,,,"Process RSS sampled every 10ms; includes imported dependencies, may miss short peaks",,,,,,,,,BFGS,Optimization terminated successfully.,True,6,423247872,,,5,,,,,,,,423227392,,2,1000,,,,,,,,,,,,0.7536105000181124
,,,,0.9999999999999613,,,,COBYLA max function evaluations; BFGS/Nelder-Mead max iterations,19,,3,,,,,,,,,,4,,3.999999999999845,,cycle,,,112,35,,,,,,,,,11,e0c2ad1d08e3995b,qaoa,,,"Process RSS sampled every 10ms; includes imported dependencies, may miss short peaks",,,,,,,,,BFGS,Optimization terminated successfully.,True,6,423247872,,,5,,,,,,,,423227392,,3,1000,,,,,,,,,,,,0.7600337999756448
,,,,0.9999999999998824,,,,COBYLA max function evaluations; BFGS/Nelder-Mead max iterations,19,,3,,,,,,,,,,4,,3.9999999999995297,,cycle,,,147,35,,,,,,,,,14,49abd2c39c320fe9,qaoa,,,"Process RSS sampled every 10ms; includes imported dependencies, may miss short peaks",,,,,,,,,BFGS,Optimization terminated successfully.,True,6,423247872,,,5,,,,,,,,423231488,,4,1000,,,,,,,,,,,,0.8358960999757983
,,,,0.9911853523038172,,,,COBYLA max function evaluations; BFGS/Nelder-Mead max iterations,19,,3,,,,,,,,,,4,,3.964741409215269,,cycle,,,100,35,,,,,,,,,72,b260ebe7fa712d1e,qaoa,,,"Process RSS sampled every 10ms; includes imported dependencies, may miss short peaks",,,,,,,,,COBYLA,Return from COBYLA because the objective function has been evaluated MAXFUN times.,False,6,423264256,,,5,,,,,,,,423231488,,0,1000,,,,,,,,,,,,1.172961000003852
,,,,0.9999976713863714,,,,COBYLA max function evaluations; BFGS/Nelder-Mead max iterations,19,,3,,,,,,,,,,4,,3.9999906855454856,,cycle,,,100,35,,,,,,,,,74,3ca990d5d98d4401,qaoa,,,"Process RSS sampled every 10ms; includes imported dependencies, may miss short peaks",,,,,,,,,COBYLA,Return from COBYLA because the objective function has been evaluated MAXFUN times.,False,6,423268352,,,5,,,,,,,,423243776,,1,1000,,,,,,,,,,,,1.2150128000066616
,,,,0.9880705836801738,,,,COBYLA max function evaluations; BFGS/Nelder-Mead max iterations,19,,3,,,,,,,,,,4,,3.952282334720695,,cycle,,,100,35,,,,,,,,,71,eae1aa1fc250e0bd,qaoa,,,"Process RSS sampled every 10ms; includes imported dependencies, may miss short peaks",,,,,,,,,COBYLA,Return from COBYLA because the objective function has been evaluated MAXFUN times.,False,6,423272448,,,5,,,,,,,,423247872,,2,1000,,,,,,,,,,,,1.1163831999874674
,,,,0.9980516257388692,,,,COBYLA max function evaluations; BFGS/Nelder-Mead max iterations,19,,3,,,,,,,,,,4,,3.9922065029554767,,cycle,,,100,35,,,,,,,,,73,8404875715f0246f,qaoa,,,"Process RSS sampled every 10ms; includes imported dependencies, may miss short peaks",,,,,,,,,COBYLA,Return from COBYLA because the objective function has been evaluated MAXFUN times.,False,6,423272448,,,5,,,,,,,,423251968,,3,1000,,,,,,,,,,,,1.1081614999566227
,,,,0.9999999901135508,,,,COBYLA max function evaluations; BFGS/Nelder-Mead max iterations,19,,3,,,,,,,,,,4,,3.999999960454203,,cycle,,,76,35,,,,,,,,,49,d9b32550bba79b96,qaoa,,,"Process RSS sampled every 10ms; includes imported dependencies, may miss short peaks",,,,,,,,,COBYLA,Return from COBYLA because the trust region radius reaches its lower bound.,True,6,423272448,,,5,,,,,,,,423251968,,4,1000,,,,,,,,,,,,0.7928357999771833
,,,,0.8742264911558021,,,,COBYLA max function evaluations; BFGS/Nelder-Mead max iterations,9,,1,,,,,,,,,,5,,4.37113245577901,,random,,,21,17,,,,,,,,,5,e32a040375bc24ac,qaoa,,,"Process RSS sampled every 10ms; includes imported dependencies, may miss short peaks",,,,,,,,,BFGS,Optimization terminated successfully.,True,2,423297024,,,5,,,,,,,,423251968,,0,1000,,,,,,,,,,,,0.06364710000343621
,,,,0.874226491156004,,,,COBYLA max function evaluations; BFGS/Nelder-Mead max iterations,9,,1,,,,,,,,,,5,,4.37113245578002,,random,,,42,17,,,,,,,,,11,7285184af91a175c,qaoa,,,"Process RSS sampled every 10ms; includes imported dependencies, may miss short peaks",,,,,,,,,BFGS,Optimization terminated successfully.,True,2,423350272,,,5,,,,,,,,423284736,,1,1000,,,,,,,,,,,,0.141685500042513
,,,,0.8742264911560099,,,,COBYLA max function evaluations; BFGS/Nelder-Mead max iterations,9,,1,,,,,,,,,,5,,4.3711324557800495,,random,,,27,17,,,,,,,,,6,f3a33be0399d7e96,qaoa,,,"Process RSS sampled every 10ms; includes imported dependencies, may miss short peaks",,,,,,,,,BFGS,Optimization terminated successfully.,True,2,423391232,,,5,,,,,,,,423337984,,2,1000,,,,,,,,,,,,0.10043049999512732
,,,,0.87422649115555,,,,COBYLA max function evaluations; BFGS/Nelder-Mead max iterations,9,,1,,,,,,,,,,5,,4.37113245577775,,random,,,27,17,,,,,,,,,6,5fb9bd600aa54bba,qaoa,,,"Process RSS sampled every 10ms; includes imported dependencies, may miss short peaks",,,,,,,,,BFGS,Optimization terminated successfully.,True,2,423436288,,,5,,,,,,,,423378944,,3,1000,,,,,,,,,,,,0.12032490002457052
,,,,0.8742264911560065,,,,COBYLA max function evaluations; BFGS/Nelder-Mead max iterations,9,,1,,,,,,,,,,5,,4.371132455780033,,random,,,36,17,,,,,,,,,8,06872ef228f988af,qaoa,,,"Process RSS sampled every 10ms; includes imported dependencies, may miss short peaks",,,,,,,,,BFGS,Optimization terminated successfully.,True,2,423493632,,,5,,,,,,,,423424000,,4,1000,,,,,,,,,,,,0.1666001999983564
,,,,0.8742264898042791,,,,COBYLA max function evaluations; BFGS/Nelder-Mead max iterations,9,,1,,,,,,,,,,5,,4.371132449021395,,random,,,45,17,,,,,,,,,37,4916a58f4c536d0f,qaoa,,,"Process RSS sampled every 10ms; includes imported dependencies, may miss short peaks",,,,,,,,,COBYLA,Return from COBYLA because the trust region radius reaches its lower bound.,True,2,423604224,,,5,,,,,,,,423481344,,0,1000,,,,,,,,,,,,0.31087280000792816
,,,,0.8742264759689269,,,,COBYLA max function evaluations; BFGS/Nelder-Mead max iterations,9,,1,,,,,,,,,,5,,4.371132379844634,,random,,,63,17,,,,,,,,,51,19b3e2e7f7bbf020,qaoa,,,"Process RSS sampled every 10ms; includes imported dependencies, may miss short peaks",,,,,,,,,COBYLA,Return from COBYLA because the trust region radius reaches its lower bound.,True,2,423759872,,,5,,,,,,,,423583744,,1,1000,,,,,,,,,,,,0.4080399999511428
,,,,0.874226486627195,,,,COBYLA max function evaluations; BFGS/Nelder-Mead max iterations,9,,1,,,,,,,,,,5,,4.371132433135975,,random,,,38,17,,,,,,,,,28,d7347c7018aef856,qaoa,,,"Process RSS sampled every 10ms; includes imported dependencies, may miss short peaks",,,,,,,,,COBYLA,Return from COBYLA because the trust region radius reaches its lower bound.,True,2,423833600,,,5,,,,,,,,423739392,,2,1000,,,,,,,,,,,,0.2745291999890469
,,,,0.8742264911181641,,,,COBYLA max function evaluations; BFGS/Nelder-Mead max iterations,9,,1,,,,,,,,,,5,,4.37113245559082,,random,,,62,17,,,,,,,,,51,b8e6b78db1a9db33,qaoa,,,"Process RSS sampled every 10ms; includes imported dependencies, may miss short peaks",,,,,,,,,COBYLA,Return from COBYLA because the trust region radius reaches its lower bound.,True,2,423931904,,,5,,,,,,,,423817216,,3,1000,,,,,,,,,,,,0.5044828999671154
,,,,0.8283862709934265,,,,COBYLA max function evaluations; BFGS/Nelder-Mead max iterations,9,,1,,,,,,,,,,5,,4.141931354967133,,random,,,43,17,,,,,,,,,34,0ff4bbbce925ed4d,qaoa,,,"Process RSS sampled every 10ms; includes imported dependencies, may miss short peaks",,,,,,,,,COBYLA,Return from COBYLA because the trust region radius reaches its lower bound.,True,2,423964672,,,5,,,,,,,,423911424,,4,1000,,,,,,,,,,,,0.29186970001319423
,,,,0.954260131201629,,,,COBYLA max function evaluations; BFGS/Nelder-Mead max iterations,17,,2,,,,,,,,,,5,,4.771300656008145,,random,,,85,29,,,,,,,,,13,14a355f8929d34f5,qaoa,,,"Process RSS sampled every 10ms; includes imported dependencies, may miss short peaks",,,,,,,,,BFGS,Optimization terminated successfully.,True,4,424005632,,,5,,,,,,,,423948288,,0,1000,,,,,,,,,,,,0.5955061000422575
,,,,0.8363475363580484,,,,COBYLA max function evaluations; BFGS/Nelder-Mead max iterations,17,,2,,,,,,,,,,5,,4.181737681790242,,random,,,80,29,,,,,,,,,11,cf1c0f10f84205be,qaoa,,,"Process RSS sampled every 10ms; includes imported dependencies, may miss short peaks",,,,,,,,,BFGS,Optimization terminated successfully.,True,4,424038400,,,5,,,,,,,,423993344,,1,1000,,,,,,,,,,,,0.6058915000176057
,,,,0.9485281269413027,,,,COBYLA max function evaluations; BFGS/Nelder-Mead max iterations,17,,2,,,,,,,,,,5,,4.742640634706514,,random,,,150,29,,,,,,,,,23,e4ddd4162c5810dd,qaoa,,,"Process RSS sampled every 10ms; includes imported dependencies, may miss short peaks",,,,,,,,,BFGS,Optimization terminated successfully.,True,4,424091648,,,5,,,,,,,,424026112,,2,1000,,,,,,,,,,,,1.0264872999978252
,,,,0.9485281269412106,,,,COBYLA max function evaluations; BFGS/Nelder-Mead max iterations,17,,2,,,,,,,,,,5,,4.742640634706053,,random,,,115,29,,,,,,,,,18,1a8a9b47b1eda717,qaoa,,,"Process RSS sampled every 10ms; includes imported dependencies, may miss short peaks",,,,,,,,,BFGS,Optimization terminated successfully.,True,4,424095744,,,5,,,,,,,,424075264,,3,1000,,,,,,,,,,,,0.6438774999696761
,,,,0.9386394460480455,,,,COBYLA max function evaluations; BFGS/Nelder-Mead max iterations,17,,2,,,,,,,,,,5,,4.693197230240227,,random,,,170,29,,,,,,,,,23,7b1a0fd80bb1257c,qaoa,,,"Process RSS sampled every 10ms; includes imported dependencies, may miss short peaks",,,,,,,,,BFGS,Optimization terminated successfully.,True,4,424091648,,,5,,,,,,,,424075264,,4,1000,,,,,,,,,,,,0.9533711999538355
,,,,0.9440381826563765,,,,COBYLA max function evaluations; BFGS/Nelder-Mead max iterations,17,,2,,,,,,,,,,5,,4.720190913281883,,random,,,100,29,,,,,,,,,73,6196abfc6c91a38c,qaoa,,,"Process RSS sampled every 10ms; includes imported dependencies, may miss short peaks",,,,,,,,,COBYLA,Return from COBYLA because the objective function has been evaluated MAXFUN times.,False,4,424116224,,,5,,,,,,,,424075264,,0,1000,,,,,,,,,,,,1.0439260000130162
,,,,0.831259784462928,,,,COBYLA max function evaluations; BFGS/Nelder-Mead max iterations,17,,2,,,,,,,,,,5,,4.15629892231464,,random,,,100,29,,,,,,,,,75,40871f82ababe19e,qaoa,,,"Process RSS sampled every 10ms; includes imported dependencies, may miss short peaks",,,,,,,,,COBYLA,Return from COBYLA because the objective function has been evaluated MAXFUN times.,False,4,424120320,,,5,,,,,,,,424095744,,1,1000,,,,,,,,,,,,1.0416850000037812
,,,,0.950830931110103,,,,COBYLA max function evaluations; BFGS/Nelder-Mead max iterations,17,,2,,,,,,,,,,5,,4.754154655550515,,random,,,100,29,,,,,,,,,77,8398b6719cf18806,qaoa,,,"Process RSS sampled every 10ms; includes imported dependencies, may miss short peaks",,,,,,,,,COBYLA,Return from COBYLA because the objective function has been evaluated MAXFUN times.,False,4,424124416,,,5,,,,,,,,424103936,,2,1000,,,,,,,,,,,,1.1464250999852084
,,,,0.9052168370166097,,,,COBYLA max function evaluations; BFGS/Nelder-Mead max iterations,17,,2,,,,,,,,,,5,,4.526084185083048,,random,,,100,29,,,,,,,,,79,ab139893758d3044,qaoa,,,"Process RSS sampled every 10ms; includes imported dependencies, may miss short peaks",,,,,,,,,COBYLA,Return from COBYLA because the objective function has been evaluated MAXFUN times.,False,4,424128512,,,5,,,,,,,,424103936,,3,1000,,,,,,,,,,,,1.103450199996587
,,,,0.8286840780452277,,,,COBYLA max function evaluations; BFGS/Nelder-Mead max iterations,17,,2,,,,,,,,,,5,,4.143420390226138,,random,,,100,29,,,,,,,,,76,2ff2c8437e994404,qaoa,,,"Process RSS sampled every 10ms; includes imported dependencies, may miss short peaks",,,,,,,,,COBYLA,Return from COBYLA because the objective function has been evaluated MAXFUN times.,False,4,424132608,,,5,,,,,,,,424108032,,4,1000,,,,,,,,,,,,1.157820999971591
,,,,0.9733358372366625,,,,COBYLA max function evaluations; BFGS/Nelder-Mead max iterations,25,,3,,,,,,,,,,5,,4.866679186183313,,random,,,308,41,,,,,,,,,39,a7e75181810afc36,qaoa,,,"Process RSS sampled every 10ms; includes imported dependencies, may miss short peaks",,,,,,,,,BFGS,Optimization terminated successfully.,True,6,424136704,,,5,,,,,,,,424112128,,0,1000,,,,,,,,,,,,2.378133600053843
,,,,0.9784397678379809,,,,COBYLA max function evaluations; BFGS/Nelder-Mead max iterations,25,,3,,,,,,,,,,5,,4.892198839189905,,random,,,273,41,,,,,,,,,30,65757221ab7f5278,qaoa,,,"Process RSS sampled every 10ms; includes imported dependencies, may miss short peaks",,,,,,,,,BFGS,Optimization terminated successfully.,True,6,424136704,,,5,,,,,,,,424116224,,1,1000,,,,,,,,,,,,2.001243799983058
,,,,0.9784397678380774,,,,COBYLA max function evaluations; BFGS/Nelder-Mead max iterations,25,,3,,,,,,,,,,5,,4.892198839190387,,random,,,420,41,,,,,,,,,47,ff661ec27c5b776c,qaoa,,,"Process RSS sampled every 10ms; includes imported dependencies, may miss short peaks",,,,,,,,,BFGS,Optimization terminated successfully.,True,6,424140800,,,5,,,,,,,,424116224,,2,1000,,,,,,,,,,,,3.0129851000383496
,,,,0.9784397678378163,,,,COBYLA max function evaluations; BFGS/Nelder-Mead max iterations,25,,3,,,,,,,,,,5,,4.892198839189081,,random,,,182,41,,,,,,,,,20,bac724c094b5f33f,qaoa,,,"Process RSS sampled every 10ms; includes imported dependencies, may miss short peaks",,,,,,,,,BFGS,Optimization terminated successfully.,True,6,424136704,,,5,,,,,,,,424120320,,3,1000,,,,,,,,,,,,1.2409239999833517
,,,,0.9784397678380948,,,,COBYLA max function evaluations; BFGS/Nelder-Mead max iterations,25,,3,,,,,,,,,,5,,4.892198839190474,,random,,,252,41,,,,,,,,,26,adae21e048f5d913,qaoa,,,"Process RSS sampled every 10ms; includes imported dependencies, may miss short peaks",,,,,,,,,BFGS,Optimization terminated successfully.,True,6,424144896,,,5,,,,,,,,424120320,,4,1000,,,,,,,,,,,,1.6643180000246502
,,,,0.9409987283584702,,,,COBYLA max function evaluations; BFGS/Nelder-Mead max iterations,25,,3,,,,,,,,,,5,,4.704993641792351,,random,,,100,41,,,,,,,,,75,adfa1048e8e8b2d5,qaoa,,,"Process RSS sampled every 10ms; includes imported dependencies, may miss short peaks",,,,,,,,,COBYLA,Return from COBYLA because the objective function has been evaluated MAXFUN times.,False,6,424169472,,,5,,,,,,,,424128512,,0,1000,,,,,,,,,,,,1.6637361000175588
,,,,0.9395135836495602,,,,COBYLA max function evaluations; BFGS/Nelder-Mead max iterations,25,,3,,,,,,,,,,5,,4.697567918247801,,random,,,100,41,,,,,,,,,71,a2db7d06ab24d4f0,qaoa,,,"Process RSS sampled every 10ms; includes imported dependencies, may miss short peaks",,,,,,,,,COBYLA,Return from COBYLA because the objective function has been evaluated MAXFUN times.,False,6,424169472,,,5,,,,,,,,424148992,,1,1000,,,,,,,,,,,,1.332195699971635
,,,,0.9677636091512177,,,,COBYLA max function evaluations; BFGS/Nelder-Mead max iterations,25,,3,,,,,,,,,,5,,4.8388180457560885,,random,,,100,41,,,,,,,,,75,736da0806094d510,qaoa,,,"Process RSS sampled every 10ms; includes imported dependencies, may miss short peaks",,,,,,,,,COBYLA,Return from COBYLA because the objective function has been evaluated MAXFUN times.,False,6,424177664,,,5,,,,,,,,424148992,,2,1000,,,,,,,,,,,,1.3620788999833167
,,,,0.9726413987359374,,,,COBYLA max function evaluations; BFGS/Nelder-Mead max iterations,25,,3,,,,,,,,,,5,,4.863206993679687,,random,,,100,41,,,,,,,,,75,5f094509ebdd7c5c,qaoa,,,"Process RSS sampled every 10ms; includes imported dependencies, may miss short peaks",,,,,,,,,COBYLA,Return from COBYLA because the objective function has been evaluated MAXFUN times.,False,6,424177664,,,5,,,,,,,,424157184,,3,1000,,,,,,,,,,,,1.4061997000244446
,,,,0.9632199167053261,,,,COBYLA max function evaluations; BFGS/Nelder-Mead max iterations,25,,3,,,,,,,,,,5,,4.816099583526631,,random,,,100,41,,,,,,,,,75,46be04eeca8816be,qaoa,,,"Process RSS sampled every 10ms; includes imported dependencies, may miss short peaks",,,,,,,,,COBYLA,Return from COBYLA because the objective function has been evaluated MAXFUN times.,False,6,424181760,,,5,,,,,,,,424157184,,4,1000,,,,,,,,,,,,1.3883085999987088
,,,,0.9842019700925646,,,,COBYLA max function evaluations; BFGS/Nelder-Mead max iterations,12,,1,,,,,,,,,,6,,5.905211820555388,,dense,,,27,20,,,,,,,,,6,d21c7eb69f0f16ac,qaoa,,,"Process RSS sampled every 10ms; includes imported dependencies, may miss short peaks",,,,,,,,,BFGS,Optimization terminated successfully.,True,2,424181760,,,5,,,,,,,,424161280,,0,1000,,,,,,,,,,,,0.12536939996061847
,,,,0.984201970092566,,,,COBYLA max function evaluations; BFGS/Nelder-Mead max iterations,12,,1,,,,,,,,,,6,,5.9052118205553965,,dense,,,39,20,,,,,,,,,8,15a778a2fdebb619,qaoa,,,"Process RSS sampled every 10ms; includes imported dependencies, may miss short peaks",,,,,,,,,BFGS,Optimization terminated successfully.,True,2,424185856,,,5,,,,,,,,424161280,,1,1000,,,,,,,,,,,,0.13551160000497475
,,,,0.9842019700925692,,,,COBYLA max function evaluations; BFGS/Nelder-Mead max iterations,12,,1,,,,,,,,,,6,,5.905211820555415,,dense,,,27,20,,,,,,,,,6,d2fb3cd051cd36e1,qaoa,,,"Process RSS sampled every 10ms; includes imported dependencies, may miss short peaks",,,,,,,,,BFGS,Optimization terminated successfully.,True,2,424194048,,,5,,,,,,,,424169472,,2,1000,,,,,,,,,,,,0.11438809998799115
,,,,0.984201970092562,,,,COBYLA max function evaluations; BFGS/Nelder-Mead max iterations,12,,1,,,,,,,,,,6,,5.9052118205553725,,dense,,,27,20,,,,,,,,,6,2b215a5bd8895a23,qaoa,,,"Process RSS sampled every 10ms; includes imported dependencies, may miss short peaks",,,,,,,,,BFGS,Optimization terminated successfully.,True,2,424210432,,,5,,,,,,,,424181760,,3,1000,,,,,,,,,,,,0.11286090000066906
,,,,0.9842019700925649,,,,COBYLA max function evaluations; BFGS/Nelder-Mead max iterations,12,,1,,,,,,,,,,6,,5.905211820555389,,dense,,,36,20,,,,,,,,,9,a0781336f66cb040,qaoa,,,"Process RSS sampled every 10ms; includes imported dependencies, may miss short peaks",,,,,,,,,BFGS,Optimization terminated successfully.,True,2,424226816,,,5,,,,,,,,424198144,,4,1000,,,,,,,,,,,,0.1583853000192903
,,,,0.9842019700496909,,,,COBYLA max function evaluations; BFGS/Nelder-Mead max iterations,12,,1,,,,,,,,,,6,,5.905211820298145,,dense,,,37,20,,,,,,,,,29,892816d430202444,qaoa,,,"Process RSS sampled every 10ms; includes imported dependencies, may miss short peaks",,,,,,,,,COBYLA,Return from COBYLA because the trust region radius reaches its lower bound.,True,2,424255488,,,5,,,,,,,,424214528,,0,1000,,,,,,,,,,,,0.2746432999847457
,,,,0.9842019693572462,,,,COBYLA max function evaluations; BFGS/Nelder-Mead max iterations,12,,1,,,,,,,,,,6,,5.905211816143478,,dense,,,46,20,,,,,,,,,36,0147aa50d7e49ba2,qaoa,,,"Process RSS sampled every 10ms; includes imported dependencies, may miss short peaks",,,,,,,,,COBYLA,Return from COBYLA because the trust region radius reaches its lower bound.,True,2,424284160,,,5,,,,,,,,424235008,,1,1000,,,,,,,,,,,,0.3904515000176616
,,,,0.9842019460846395,,,,COBYLA max function evaluations; BFGS/Nelder-Mead max iterations,12,,1,,,,,,,,,,6,,5.905211676507837,,dense,,,38,20,,,,,,,,,30,dec8e7f8f1880373,qaoa,,,"Process RSS sampled every 10ms; includes imported dependencies, may miss short peaks",,,,,,,,,COBYLA,Return from COBYLA because the trust region radius reaches its lower bound.,True,2,424312832,,,5,,,,,,,,424267776,,2,1000,,,,,,,,,,,,0.3053414999740198
,,,,0.9842019654692113,,,,COBYLA max function evaluations; BFGS/Nelder-Mead max iterations,12,,1,,,,,,,,,,6,,5.905211792815268,,dense,,,39,20,,,,,,,,,29,f112e9d8df2a7542,qaoa,,,"Process RSS sampled every 10ms; includes imported dependencies, may miss short peaks",,,,,,,,,COBYLA,Return from COBYLA because the trust region radius reaches its lower bound.,True,2,424329216,,,5,,,,,,,,424292352,,3,1000,,,,,,,,,,,,0.28813200001604855
,,,,0.9842019676543249,,,,COBYLA max function evaluations; BFGS/Nelder-Mead max iterations,12,,1,,,,,,,,,,6,,5.9052118059259495,,dense,,,33,20,,,,,,,,,23,57195adca2037ca6,qaoa,,,"Process RSS sampled every 10ms; includes imported dependencies, may miss short peaks",,,,,,,,,COBYLA,Return from COBYLA because the trust region radius reaches its lower bound.,True,2,424366080,,,5,,,,,,,,424316928,,4,1000,,,,,,,,,,,,0.2907145000062883
,,,,0.9999999999987211,,,,COBYLA max function evaluations; BFGS/Nelder-Mead max iterations,23,,2,,,,,,,,,,6,,5.999999999992327,,dense,,,100,35,,,,,,,,,16,0d042f6510f79c2c,qaoa,,,"Process RSS sampled every 10ms; includes imported dependencies, may miss short peaks",,,,,,,,,BFGS,Optimization terminated successfully.,True,4,424390656,,,5,,,,,,,,424353792,,0,1000,,,,,,,,,,,,0.6710663999547251
,,,,0.9999999999999751,,,,COBYLA max function evaluations; BFGS/Nelder-Mead max iterations,23,,2,,,,,,,,,,6,,5.999999999999851,,dense,,,165,35,,,,,,,,,25,61ab7d4559c2fcb2,qaoa,,,"Process RSS sampled every 10ms; includes imported dependencies, may miss short peaks",,,,,,,,,BFGS,Optimization terminated successfully.,True,4,424394752,,,5,,,,,,,,424374272,,1,1000,,,,,,,,,,,,1.0575958999688737
,,,,0.9999999999999464,,,,COBYLA max function evaluations; BFGS/Nelder-Mead max iterations,23,,2,,,,,,,,,,6,,5.9999999999996785,,dense,,,120,35,,,,,,,,,17,2a1ccec14ff8455f,qaoa,,,"Process RSS sampled every 10ms; includes imported dependencies, may miss short peaks",,,,,,,,,BFGS,Optimization terminated successfully.,True,4,424394752,,,5,,,,,,,,424374272,,2,1000,,,,,,,,,,,,0.8377307999762706
,,,,0.9999999999999977,,,,COBYLA max function evaluations; BFGS/Nelder-Mead max iterations,23,,2,,,,,,,,,,6,,5.999999999999986,,dense,,,105,35,,,,,,,,,15,d2b7411e64e878da,qaoa,,,"Process RSS sampled every 10ms; includes imported dependencies, may miss short peaks",,,,,,,,,BFGS,Optimization terminated successfully.,True,4,424394752,,,5,,,,,,,,424374272,,3,1000,,,,,,,,,,,,0.6737516000284813
,,,,0.9999999999999346,,,,COBYLA max function evaluations; BFGS/Nelder-Mead max iterations,23,,2,,,,,,,,,,6,,5.999999999999607,,dense,,,180,35,,,,,,,,,24,58461fbece135b3f,qaoa,,,"Process RSS sampled every 10ms; includes imported dependencies, may miss short peaks",,,,,,,,,BFGS,Optimization terminated successfully.,True,4,424394752,,,5,,,,,,,,424374272,,4,1000,,,,,,,,,,,,1.166011699999217
,,,,0.9912551565237654,,,,COBYLA max function evaluations; BFGS/Nelder-Mead max iterations,23,,2,,,,,,,,,,6,,5.947530939142593,,dense,,,100,35,,,,,,,,,79,bba4205bd7ffd9f4,qaoa,,,"Process RSS sampled every 10ms; includes imported dependencies, may miss short peaks",,,,,,,,,COBYLA,Return from COBYLA because the objective function has been evaluated MAXFUN times.,False,4,424415232,,,5,,,,,,,,424374272,,0,1000,,,,,,,,,,,,1.2479939999757335
,,,,0.9994885772549758,,,,COBYLA max function evaluations; BFGS/Nelder-Mead max iterations,23,,2,,,,,,,,,,6,,5.9969314635298545,,dense,,,100,35,,,,,,,,,77,1f039e9d89bead54,qaoa,,,"Process RSS sampled every 10ms; includes imported dependencies, may miss short peaks",,,,,,,,,COBYLA,Return from COBYLA because the objective function has been evaluated MAXFUN times.,False,4,424419328,,,5,,,,,,,,424394752,,1,1000,,,,,,,,,,,,1.2563320000190288
,,,,0.9949258029677926,,,,COBYLA max function evaluations; BFGS/Nelder-Mead max iterations,23,,2,,,,,,,,,,6,,5.969554817806756,,dense,,,100,35,,,,,,,,,78,440f245cd1f76457,qaoa,,,"Process RSS sampled every 10ms; includes imported dependencies, may miss short peaks",,,,,,,,,COBYLA,Return from COBYLA because the objective function has been evaluated MAXFUN times.,False,4,424423424,,,5,,,,,,,,424398848,,2,1000,,,,,,,,,,,,1.2716812000144273
,,,,0.9887272265293303,,,,COBYLA max function evaluations; BFGS/Nelder-Mead max iterations,23,,2,,,,,,,,,,6,,5.932363359175982,,dense,,,100,35,,,,,,,,,74,45d04f1dd4273643,qaoa,,,"Process RSS sampled every 10ms; includes imported dependencies, may miss short peaks",,,,,,,,,COBYLA,Return from COBYLA because the objective function has been evaluated MAXFUN times.,False,4,424427520,,,5,,,,,,,,424402944,,3,1000,,,,,,,,,,,,1.2602360000018962
,,,,0.9999933764230429,,,,COBYLA max function evaluations; BFGS/Nelder-Mead max iterations,23,,2,,,,,,,,,,6,,5.999960258538257,,dense,,,100,35,,,,,,,,,78,b162f902baebdbd2,qaoa,,,"Process RSS sampled every 10ms; includes imported dependencies, may miss short peaks",,,,,,,,,COBYLA,Return from COBYLA because the objective function has been evaluated MAXFUN times.,False,4,424435712,,,5,,,,,,,,424407040,,4,1000,,,,,,,,,,,,1.2586543000070378
,,,,0.9999999999998131,,,,COBYLA max function evaluations; BFGS/Nelder-Mead max iterations,34,,3,,,,,,,,,,6,,5.999999999998879,,dense,,,119,50,,,,,,,,,12,bb6501bed8412665,qaoa,,,"Process RSS sampled every 10ms; includes imported dependencies, may miss short peaks",,,,,,,,,BFGS,Optimization terminated successfully.,True,6,424443904,,,5,,,,,,,,424415232,,0,1000,,,,,,,,,,,,0.9844352999934927
,,,,0.9999999999998209,,,,COBYLA max function evaluations; BFGS/Nelder-Mead max iterations,34,,3,,,,,,,,,,6,,5.999999999998925,,dense,,,161,50,,,,,,,,,18,014fa04fa0179bd8,qaoa,,,"Process RSS sampled every 10ms; includes imported dependencies, may miss short peaks",,,,,,,,,BFGS,Optimization terminated successfully.,True,6,424448000,,,5,,,,,,,,424427520,,1,1000,,,,,,,,,,,,1.3735754999797791
,,,,0.999999999999881,,,,COBYLA max function evaluations; BFGS/Nelder-Mead max iterations,34,,3,,,,,,,,,,6,,5.999999999999286,,dense,,,147,50,,,,,,,,,16,77832632d2059ca7,qaoa,,,"Process RSS sampled every 10ms; includes imported dependencies, may miss short peaks",,,,,,,,,BFGS,Optimization terminated successfully.,True,6,424448000,,,5,,,,,,,,424427520,,2,1000,,,,,,,,,,,,1.3414384999778122
,,,,0.999999999999534,,,,COBYLA max function evaluations; BFGS/Nelder-Mead max iterations,34,,3,,,,,,,,,,6,,5.999999999997204,,dense,,,126,50,,,,,,,,,11,36a8239060e52326,qaoa,,,"Process RSS sampled every 10ms; includes imported dependencies, may miss short peaks",,,,,,,,,BFGS,Optimization terminated successfully.,True,6,424448000,,,5,,,,,,,,424427520,,3,1000,,,,,,,,,,,,1.0595184999983758
,,,,0.999999999999987,,,,COBYLA max function evaluations; BFGS/Nelder-Mead max iterations,34,,3,,,,,,,,,,6,,5.999999999999922,,dense,,,147,50,,,,,,,,,15,7ec330d2c2c4daab,qaoa,,,"Process RSS sampled every 10ms; includes imported dependencies, may miss short peaks",,,,,,,,,BFGS,Optimization terminated successfully.,True,6,424448000,,,5,,,,,,,,424427520,,4,1000,,,,,,,,,,,,1.2225708000478335
,,,,0.9999975499439507,,,,COBYLA max function evaluations; BFGS/Nelder-Mead max iterations,34,,3,,,,,,,,,,6,,5.999985299663704,,dense,,,100,50,,,,,,,,,73,cfa74cb87f3c15d7,qaoa,,,"Process RSS sampled every 10ms; includes imported dependencies, may miss short peaks",,,,,,,,,COBYLA,Return from COBYLA because the objective function has been evaluated MAXFUN times.,False,6,424476672,,,5,,,,,,,,424427520,,0,1000,,,,,,,,,,,,1.4582610999932513
,,,,0.999819102176205,,,,COBYLA max function evaluations; BFGS/Nelder-Mead max iterations,34,,3,,,,,,,,,,6,,5.99891461305723,,dense,,,100,50,,,,,,,,,71,daedcbfd3b9f846d,qaoa,,,"Process RSS sampled every 10ms; includes imported dependencies, may miss short peaks",,,,,,,,,COBYLA,Return from COBYLA because the objective function has been evaluated MAXFUN times.,False,6,424480768,,,5,,,,,,,,424456192,,1,1000,,,,,,,,,,,,1.5121186999604106
,,,,0.9999998649150017,,,,COBYLA max function evaluations; BFGS/Nelder-Mead max iterations,34,,3,,,,,,,,,,6,,5.99999918949001,,dense,,,100,50,,,,,,,,,69,b5c9598300dbc662,qaoa,,,"Process RSS sampled every 10ms; includes imported dependencies, may miss short peaks",,,,,,,,,COBYLA,Return from COBYLA because the objective function has been evaluated MAXFUN times.,False,6,424497152,,,5,,,,,,,,424460288,,2,1000,,,,,,,,,,,,1.4842855000169948
,,,,0.9998459200862374,,,,COBYLA max function evaluations; BFGS/Nelder-Mead max iterations,34,,3,,,,,,,,,,6,,5.999075520517424,,dense,,,100,50,,,,,,,,,75,a0e842f048b4173e,qaoa,,,"Process RSS sampled every 10ms; includes imported dependencies, may miss short peaks",,,,,,,,,COBYLA,Return from COBYLA because the objective function has been evaluated MAXFUN times.,False,6,424509440,,,5,,,,,,,,424476672,,3,1000,,,,,,,,,,,,1.5637815999798477
,,,,0.9999985590295278,,,,COBYLA max function evaluations; BFGS/Nelder-Mead max iterations,34,,3,,,,,,,,,,6,,5.999991354177167,,dense,,,100,50,,,,,,,,,68,7e91b052a2d3e9fa,qaoa,,,"Process RSS sampled every 10ms; includes imported dependencies, may miss short peaks",,,,,,,,,COBYLA,Return from COBYLA because the objective function has been evaluated MAXFUN times.,False,6,424509440,,,5,,,,,,,,424488960,,4,1000,,,,,,,,,,,,1.4361556000076234
,,,,,,,300,,,,,,,,,,,"negative target projector, not a local many-body Hamiltonian",,,,,,,,,,,,,,,,,,,,,c3f05776d8dbb83b,discovery,,,"Process RSS sampled every 10ms; includes imported dependencies, may miss short peaks",,,,,,,,fidelity,,,,,424624128,,,2,,,,,,,,424488960,,0,,,,,,,bell,,,,,,1.1692677999963053
,,,,,,,300,,,,,,,,,,,"negative target projector, not a local many-body Hamiltonian",,,,,,,,,,,,,,,,,,,,,876afc68ce7228fb,discovery,,,"Process RSS sampled every 10ms; includes imported dependencies, may miss short peaks",,,,,,,,fidelity,,,,,424640512,,,2,,,,,,,,424607744,,1,,,,,,,bell,,,,,,4.651168400014285
,,,,,,,300,,,,,,,,,,,"negative target projector, not a local many-body Hamiltonian",,,,,,,,,,,,,,,,,,,,,7e54f60708b46b19,discovery,,,"Process RSS sampled every 10ms; includes imported dependencies, may miss short peaks",,,,,,,,fidelity,,,,,424693760,,,2,,,,,,,,424624128,,2,,,,,,,bell,,,,,,4.887890599959064
,,,,,,,300,,,,,,,,,,,"negative target projector, not a local many-body Hamiltonian",,,,,,,,,,,,,,,,,,,,,af2c64a4ed01ed25,discovery,,,"Process RSS sampled every 10ms; includes imported dependencies, may miss short peaks",,,,,,,,fidelity,,,,,424710144,,,2,,,,,,,,424673280,,3,,,,,,,bell,,,,,,4.9171711999806575
,,,,,,,300,,,,,,,,,,,"negative target projector, not a local many-body Hamiltonian",,,,,,,,,,,,,,,,,,,,,39711d75aee39e1b,discovery,,,"Process RSS sampled every 10ms; includes imported dependencies, may miss short peaks",,,,,,,,fidelity,,,,,424779776,,,2,,,,,,,,424689664,,4,,,,,,,bell,,,,,,4.957711800001562
,,,,,,,300,,,,,,,,,,,"negative target projector, not a local many-body Hamiltonian",,,,,,,,,,,,,,,,,,,,,7f584934aad44e58,discovery,,,"Process RSS sampled every 10ms; includes imported dependencies, may miss short peaks",,,,,,,,energy,,,,,424779776,,,2,,,,,,,,424759296,,0,,,,,,,bell,,,,,,5.210782799986191
,,,,,,,300,,,,,,,,,,,"negative target projector, not a local many-body Hamiltonian",,,,,,,,,,,,,,,,,,,,,77f35e4c5bb90f2f,discovery,,,"Process RSS sampled every 10ms; includes imported dependencies, may miss short peaks",,,,,,,,energy,,,,,424779776,,,2,,,,,,,,424759296,,1,,,,,,,bell,,,,,,4.404529799998272
,,,,,,,300,,,,,,,,,,,"negative target projector, not a local many-body Hamiltonian",,,,,,,,,,,,,,,,,,,,,105f833bcfc9b302,discovery,,,"Process RSS sampled every 10ms; includes imported dependencies, may miss short peaks",,,,,,,,energy,,,,,424779776,,,2,,,,,,,,424759296,,2,,,,,,,bell,,,,,,4.657533099991269
,,,,,,,300,,,,,,,,,,,"negative target projector, not a local many-body Hamiltonian",,,,,,,,,,,,,,,,,,,,,058c6d344537b991,discovery,,,"Process RSS sampled every 10ms; includes imported dependencies, may miss short peaks",,,,,,,,energy,,,,,424796160,,,2,,,,,,,,424759296,,3,,,,,,,bell,,,,,,4.4307724999962375
,,,,,,,300,,,,,,,,,,,"negative target projector, not a local many-body Hamiltonian",,,,,,,,,,,,,,,,,,,,,6ed081153a2e444e,discovery,,,"Process RSS sampled every 10ms; includes imported dependencies, may miss short peaks",,,,,,,,energy,,,,,424796160,,,2,,,,,,,,424775680,,4,,,,,,,bell,,,,,,4.490157800028101
,,,,,,,300,,,,,,,,,,,"negative target projector, not a local many-body Hamiltonian",,,,,,,,,,,,,,,,,,,,,16fc298c4d1737e9,discovery,,,"Process RSS sampled every 10ms; includes imported dependencies, may miss short peaks",,,,,,,,fidelity,,,,,424800256,,,3,,,,,,,,424775680,,0,,,,,,,ghz,,,,,,4.614442499994766
,,,,,,,300,,,,,,,,,,,"negative target projector, not a local many-body Hamiltonian",,,,,,,,,,,,,,,,,,,,,325091968c6017e3,discovery,,,"Process RSS sampled every 10ms; includes imported dependencies, may miss short peaks",,,,,,,,fidelity,,,,,424812544,,,3,,,,,,,,424779776,,1,,,,,,,ghz,,,,,,4.612134099996183
,,,,,,,300,,,,,,,,,,,"negative target projector, not a local many-body Hamiltonian",,,,,,,,,,,,,,,,,,,,,6d6867ad38771c37,discovery,,,"Process RSS sampled every 10ms; includes imported dependencies, may miss short peaks",,,,,,,,fidelity,,,,,424816640,,,3,,,,,,,,424796160,,2,,,,,,,ghz,,,,,,4.32320579997031
,,,,,,,300,,,,,,,,,,,"negative target projector, not a local many-body Hamiltonian",,,,,,,,,,,,,,,,,,,,,69edaba86dada32b,discovery,,,"Process RSS sampled every 10ms; includes imported dependencies, may miss short peaks",,,,,,,,fidelity,,,,,424812544,,,3,,,,,,,,424796160,,3,,,,,,,ghz,,,,,,4.578270500001963
,,,,,,,300,,,,,,,,,,,"negative target projector, not a local many-body Hamiltonian",,,,,,,,,,,,,,,,,,,,,63f84c412e4dc3f3,discovery,,,"Process RSS sampled every 10ms; includes imported dependencies, may miss short peaks",,,,,,,,fidelity,,,,,424820736,,,3,,,,,,,,424796160,,4,,,,,,,ghz,,,,,,4.855878199974541
,,,,,,,300,,,,,,,,,,,"negative target projector, not a local many-body Hamiltonian",,,,,,,,,,,,,,,,,,,,,c259d4b3d9cc0aee,discovery,,,"Process RSS sampled every 10ms; includes imported dependencies, may miss short peaks",,,,,,,,energy,,,,,424845312,,,3,,,,,,,,424804352,,0,,,,,,,ghz,,,,,,4.943425700010266
,,,,,,,300,,,,,,,,,,,"negative target projector, not a local many-body Hamiltonian",,,,,,,,,,,,,,,,,,,,,5fbd57f1c29e120f,discovery,,,"Process RSS sampled every 10ms; includes imported dependencies, may miss short peaks",,,,,,,,energy,,,,,424927232,,,3,,,,,,,,424824832,,1,,,,,,,ghz,,,,,,4.262775499955751
,,,,,,,300,,,,,,,,,,,"negative target projector, not a local many-body Hamiltonian",,,,,,,,,,,,,,,,,,,,,0b682421cb8ac319,discovery,,,"Process RSS sampled every 10ms; includes imported dependencies, may miss short peaks",,,,,,,,energy,,,,,424927232,,,3,,,,,,,,424906752,,2,,,,,,,ghz,,,,,,4.595913099998143
,,,,,,,300,,,,,,,,,,,"negative target projector, not a local many-body Hamiltonian",,,,,,,,,,,,,,,,,,,,,e7ef7ad79449b8a4,discovery,,,"Process RSS sampled every 10ms; includes imported dependencies, may miss short peaks",,,,,,,,energy,,,,,424927232,,,3,,,,,,,,424906752,,3,,,,,,,ghz,,,,,,4.505922699987423
,,,,,,,300,,,,,,,,,,,"negative target projector, not a local many-body Hamiltonian",,,,,,,,,,,,,,,,,,,,,e8ba77c9a7729eb1,discovery,,,"Process RSS sampled every 10ms; includes imported dependencies, may miss short peaks",,,,,,,,energy,,,,,424939520,,,3,,,,,,,,424919040,,4,,,,,,,ghz,,,,,,4.729690900014248
,,,,,,,300,,,,,,,,,,,"negative target projector, not a local many-body Hamiltonian",,,,,,,,,,,,,,,,,,,,,61012eda8b999f6f,discovery,,,"Process RSS sampled every 10ms; includes imported dependencies, may miss short peaks",,,,,,,,fidelity,,,,,424939520,,,3,,,,,,,,424919040,,0,,,,,,,cluster,,,,,,4.980511700036004
,,,,,,,300,,,,,,,,,,,"negative target projector, not a local many-body Hamiltonian",,,,,,,,,,,,,,,,,,,,,cdd1bbcd7d6ee74e,discovery,,,"Process RSS sampled every 10ms; includes imported dependencies, may miss short peaks",,,,,,,,fidelity,,,,,424943616,,,3,,,,,,,,424923136,,1,,,,,,,cluster,,,,,,4.486329200037289
,,,,,,,300,,,,,,,,,,,"negative target projector, not a local many-body Hamiltonian",,,,,,,,,,,,,,,,,,,,,c60f0f906b105f33,discovery,,,"Process RSS sampled every 10ms; includes imported dependencies, may miss short peaks",,,,,,,,fidelity,,,,,424955904,,,3,,,,,,,,424923136,,2,,,,,,,cluster,,,,,,4.377589999989141
,,,,,,,300,,,,,,,,,,,"negative target projector, not a local many-body Hamiltonian",,,,,,,,,,,,,,,,,,,,,7d243580731aea55,discovery,,,"Process RSS sampled every 10ms; includes imported dependencies, may miss short peaks",,,,,,,,fidelity,,,,,424960000,,,3,,,,,,,,424935424,,3,,,,,,,cluster,,,,,,4.82136519998312
,,,,,,,300,,,,,,,,,,,"negative target projector, not a local many-body Hamiltonian",,,,,,,,,,,,,,,,,,,,,91df0c9681f9bf64,discovery,,,"Process RSS sampled every 10ms; includes imported dependencies, may miss short peaks",,,,,,,,fidelity,,,,,424972288,,,3,,,,,,,,424939520,,4,,,,,,,cluster,,,,,,4.491777100018226
,,,,,,,300,,,,,,,,,,,"negative target projector, not a local many-body Hamiltonian",,,,,,,,,,,,,,,,,,,,,6918591d13246c17,discovery,,,"Process RSS sampled every 10ms; includes imported dependencies, may miss short peaks",,,,,,,,energy,,,,,424980480,,,3,,,,,,,,424951808,,0,,,,,,,cluster,,,,,,4.61642929998925
,,,,,,,300,,,,,,,,,,,"negative target projector, not a local many-body Hamiltonian",,,,,,,,,,,,,,,,,,,,,457e60efb5a734a6,discovery,,,"Process RSS sampled every 10ms; includes imported dependencies, may miss short peaks",,,,,,,,energy,,,,,425009152,,,3,,,,,,,,424960000,,1,,,,,,,cluster,,,,,,4.556871199980378
,,,,,,,300,,,,,,,,,,,"negative target projector, not a local many-body Hamiltonian",,,,,,,,,,,,,,,,,,,,,029022b5bc925d4e,discovery,,,"Process RSS sampled every 10ms; includes imported dependencies, may miss short peaks",,,,,,,,energy,,,,,425070592,,,3,,,,,,,,424988672,,2,,,,,,,cluster,,,,,,4.630483699962497
,,,,,,,300,,,,,,,,,,,"negative target projector, not a local many-body Hamiltonian",,,,,,,,,,,,,,,,,,,,,6df1d730fab170a3,discovery,,,"Process RSS sampled every 10ms; includes imported dependencies, may miss short peaks",,,,,,,,energy,,,,,425070592,,,3,,,,,,,,425054208,,3,,,,,,,cluster,,,,,,4.820545200025663
,,,,,,,300,,,,,,,,,,,"negative target projector, not a local many-body Hamiltonian",,,,,,,,,,,,,,,,,,,,,9c26b20215fac246,discovery,,,"Process RSS sampled every 10ms; includes imported dependencies, may miss short peaks",,,,,,,,energy,,,,,425074688,,,3,,,,,,,,425054208,,4,,,,,,,cluster,,,,,,4.278677800029982
0.0,all two spatial orbitals; two-electron sector,,HF |1100> + particle-conserving DoubleExcitation,,,STO-3G,,,,,,,1.0,1.0,,2,-1.078969768735688,,,,,-1.078969768735688,,,,0.9999999999999998,,,,,,-1.0659994616087642,,,,,,4,1dfb129f65c72581,chemistry,,Jordan-Wigner,"Process RSS sampled every 10ms; includes imported dependencies, may miss short peaks",,,,,,,,,,,True,,425824256,,,4,,,,PennyLane differentiable HF integrals + NumPy sector diagonalization,,,,425054208,,0,,4,,,,,,,,,Hartree,,0.8402284000185318
0.0,all two spatial orbitals; two-electron sector,,HF |1100> + particle-conserving DoubleExcitation,,,STO-3G,,,,,,,1.0,1.0,,2,-1.078969768735688,,,,,-1.078969768735688,,,,0.9999999999999998,,,,,,-1.0659994616087642,,,,,,4,51b33e75b49e94f7,chemistry,,Jordan-Wigner,"Process RSS sampled every 10ms; includes imported dependencies, may miss short peaks",,,,,,,,,,,True,,425844736,,,4,,,,PennyLane differentiable HF integrals + NumPy sector diagonalization,,,,425811968,,1,,4,,,,,,,,,Hartree,,0.41904710000380874
0.0,all two spatial orbitals; two-electron sector,,HF |1100> + particle-conserving DoubleExcitation,,,STO-3G,,,,,,,1.0,1.0,,2,-1.078969768735688,,,,,-1.078969768735688,,,,0.9999999999999998,,,,,,-1.0659994616087642,,,,,,4,fe1030f914206427,chemistry,,Jordan-Wigner,"Process RSS sampled every 10ms; includes imported dependencies, may miss short peaks",,,,,,,,,,,True,,425844736,,,4,,,,PennyLane differentiable HF integrals + NumPy sector diagonalization,,,,425824256,,2,,4,,,,,,,,,Hartree,,0.4507972999708727
0.0,all two spatial orbitals; two-electron sector,,HF |1100> + particle-conserving DoubleExcitation,,,STO-3G,,,,,,,1.0,1.0,,2,-1.078969768735688,,,,,-1.078969768735688,,,,0.9999999999999998,,,,,,-1.0659994616087642,,,,,,3,d38430f4e44cfb04,chemistry,,Jordan-Wigner,"Process RSS sampled every 10ms; includes imported dependencies, may miss short peaks",,,,,,,,,,,True,,425844736,,,4,,,,PennyLane differentiable HF integrals + NumPy sector diagonalization,,,,425824256,,3,,4,,,,,,,,,Hartree,,0.3600537999882363
2.220446049250313e-16,all two spatial orbitals; two-electron sector,,HF |1100> + particle-conserving DoubleExcitation,,,STO-3G,,,,,,,1.0,1.0,,2,-1.0789697687356878,,,,,-1.078969768735688,,,,0.9999999999999998,,,,,,-1.0659994616087642,,,,,,4,3f30dc95aaf0cdc7,chemistry,,Jordan-Wigner,"Process RSS sampled every 10ms; includes imported dependencies, may miss short peaks",,,,,,,,,,,True,,425844736,,,4,,,,PennyLane differentiable HF integrals + NumPy sector diagonalization,,,,425824256,,4,,4,,,,,,,,,Hartree,,0.49448200000915676
2.220446049250313e-16,all two spatial orbitals; two-electron sector,,HF |1100> + particle-conserving DoubleExcitation,,,STO-3G,,,,,,,1.4,1.4,,2,-1.1372759438392812,,,,,-1.137275943839281,,,,1.0,,,,,,-1.1167143252241285,,,,,,4,8726b4597bf05eb1,chemistry,,Jordan-Wigner,"Process RSS sampled every 10ms; includes imported dependencies, may miss short peaks",,,,,,,,,,,True,,425848832,,,4,,,,PennyLane differentiable HF integrals + NumPy sector diagonalization,,,,425824256,,0,,4,,,,,,,,,Hartree,,0.5448206000146456
4.440892098500626e-16,all two spatial orbitals; two-electron sector,,HF |1100> + particle-conserving DoubleExcitation,,,STO-3G,,,,,,,1.4,1.4,,2,-1.1372759438392814,,,,,-1.137275943839281,,,,1.0,,,,,,-1.1167143252241285,,,,,,4,231fce54d8a77137,chemistry,,Jordan-Wigner,"Process RSS sampled every 10ms; includes imported dependencies, may miss short peaks",,,,,,,,,,,True,,425848832,,,4,,,,PennyLane differentiable HF integrals + NumPy sector diagonalization,,,,425828352,,1,,4,,,,,,,,,Hartree,,0.5683359999675304
6.661338147750939e-16,all two spatial orbitals; two-electron sector,,HF |1100> + particle-conserving DoubleExcitation,,,STO-3G,,,,,,,1.4,1.4,,2,-1.1372759438392817,,,,,-1.137275943839281,,,,1.0,,,,,,-1.1167143252241285,,,,,,4,42d74e51dea0fe73,chemistry,,Jordan-Wigner,"Process RSS sampled every 10ms; includes imported dependencies, may miss short peaks",,,,,,,,,,,True,,425848832,,,4,,,,PennyLane differentiable HF integrals + NumPy sector diagonalization,,,,425828352,,2,,4,,,,,,,,,Hartree,,0.6082159000216052
2.220446049250313e-16,all two spatial orbitals; two-electron sector,,HF |1100> + particle-conserving DoubleExcitation,,,STO-3G,,,,,,,1.4,1.4,,2,-1.1372759438392812,,,,,-1.137275943839281,,,,1.0,,,,,,-1.1167143252241285,,,,,,3,66ee2d4fb455c8b4,chemistry,,Jordan-Wigner,"Process RSS sampled every 10ms; includes imported dependencies, may miss short peaks",,,,,,,,,,,True,,425844736,,,4,,,,PennyLane differentiable HF integrals + NumPy sector diagonalization,,,,425828352,,3,,4,,,,,,,,,Hartree,,0.390875999990385
0.0,all two spatial orbitals; two-electron sector,,HF |1100> + particle-conserving DoubleExcitation,,,STO-3G,,,,,,,1.4,1.4,,2,-1.137275943839281,,,,,-1.137275943839281,,,,0.9999999999999998,,,,,,-1.1167143252241285,,,,,,4,67df84c66896b9e7,chemistry,,Jordan-Wigner,"Process RSS sampled every 10ms; includes imported dependencies, may miss short peaks",,,,,,,,,,,True,,425848832,,,4,,,,PennyLane differentiable HF integrals + NumPy sector diagonalization,,,,425828352,,4,,4,,,,,,,,,Hartree,,0.43484810000518337
2.220446049250313e-16,all two spatial orbitals; two-electron sector,,HF |1100> + particle-conserving DoubleExcitation,,,STO-3G,,,,,,,2.0,2.0,,2,-1.088496308862388,,,,,-1.0884963088623882,,,,1.0,,,,,,-1.0491709026155325,,,,,,4,c209be71f2e1481f,chemistry,,Jordan-Wigner,"Process RSS sampled every 10ms; includes imported dependencies, may miss short peaks",,,,,,,,,,,True,,425848832,,,4,,,,PennyLane differentiable HF integrals + NumPy sector diagonalization,,,,425828352,,0,,4,,,,,,,,,Hartree,,0.3847241000039503
0.0,all two spatial orbitals; two-electron sector,,HF |1100> + particle-conserving DoubleExcitation,,,STO-3G,,,,,,,2.0,2.0,,2,-1.0884963088623882,,,,,-1.0884963088623882,,,,1.0,,,,,,-1.0491709026155325,,,,,,4,5bc56ef998d54069,chemistry,,Jordan-Wigner,"Process RSS sampled every 10ms; includes imported dependencies, may miss short peaks",,,,,,,,,,,True,,425848832,,,4,,,,PennyLane differentiable HF integrals + NumPy sector diagonalization,,,,425828352,,1,,4,,,,,,,,,Hartree,,0.429866700025741
4.440892098500626e-16,all two spatial orbitals; two-electron sector,,HF |1100> + particle-conserving DoubleExcitation,,,STO-3G,,,,,,,2.0,2.0,,2,-1.0884963088623878,,,,,-1.0884963088623882,,,,1.0,,,,,,-1.0491709026155325,,,,,,4,5b929d69077bfe49,chemistry,,Jordan-Wigner,"Process RSS sampled every 10ms; includes imported dependencies, may miss short peaks",,,,,,,,,,,True,,425848832,,,4,,,,PennyLane differentiable HF integrals + NumPy sector diagonalization,,,,425828352,,2,,4,,,,,,,,,Hartree,,0.3890866999863647
2.220446049250313e-16,all two spatial orbitals; two-electron sector,,HF |1100> + particle-conserving DoubleExcitation,,,STO-3G,,,,,,,2.0,2.0,,2,-1.088496308862388,,,,,-1.0884963088623882,,,,0.9999999999999998,,,,,,-1.0491709026155325,,,,,,4,39465e1e1dad2ad3,chemistry,,Jordan-Wigner,"Process RSS sampled every 10ms; includes imported dependencies, may miss short peaks",,,,,,,,,,,True,,425844736,,,4,,,,PennyLane differentiable HF integrals + NumPy sector diagonalization,,,,425828352,,3,,4,,,,,,,,,Hartree,,0.4080832999898121
0.0,all two spatial orbitals; two-electron sector,,HF |1100> + particle-conserving DoubleExcitation,,,STO-3G,,,,,,,2.0,2.0,,2,-1.0884963088623882,,,,,-1.0884963088623882,,,,1.0,,,,,,-1.0491709026155325,,,,,,4,2e191ade78295e7c,chemistry,,Jordan-Wigner,"Process RSS sampled every 10ms; includes imported dependencies, may miss short peaks",,,,,,,,,,,False,,425881600,,,4,,,,PennyLane differentiable HF integrals + NumPy sector diagonalization,,,,425828352,,4,,4,,,,,,,,,Hartree,,2.6569713999633677
0.0,,,,,,,,,,,,cpu,,,,,-2.23606797749979,,,,,-2.23606797749979,,,,1.0,,,,,256,,,,,,,1,088923f50e86c42b,scaling,0.0,,"Process RSS sampled every 10ms; includes imported dependencies, may miss short peaks",exact,0.0013482000213116407,,,,,,,,,,0,425881600,,,2,,,,,0.0006259999936446548,0.0,,425861120,,0,,,64,4,150,,,,,0.0,,,0.003051700012292713
1.0645341941284414e-08,,,,,,,,,,,,cpu,,,,,-2.236067966854448,,,,,-2.23606797749979,,,,0.9999999965155861,,,,,256,,,,,,,150,f1366c38b61b9c36,scaling,6.087503855826004e-05,,"Process RSS sampled every 10ms; includes imported dependencies, may miss short peaks",autoregressive,0.5875331000424922,,,,,,,,,,132,425926656,,,2,,,,,0.0007356999558396637,4.760741644888305e-09,,425861120,,0,,,64,4,150,,,,,3.4721823077177305e-05,,,0.5893427000264637
0.0,,,,,,,,,,,,cpu,,,,,-2.23606797749979,,,,,-2.23606797749979,,,,1.0,,,,,256,,,,,,,13,7633808f1dde259d,scaling,2.913946861582417e-11,,"Process RSS sampled every 10ms; includes imported dependencies, may miss short peaks",vqe,0.21202509995782748,,,,,,,,,,6,425926656,,,2,,,,,0.0005842000246047974,0.0,,425906176,,0,,,64,4,150,,,,,5.597411423252652e-12,,,0.21350349998101592
0.0,,,,,,,,,,,,cpu,,,,,-4.758770483143635,,,,,-4.758770483143635,,,,1.0,,,,,4096,,,,,,,1,19ea6547205afc07,scaling,0.0,,"Process RSS sampled every 10ms; includes imported dependencies, may miss short peaks",exact,0.0025010000099428,,,,,,,,,,0,425926656,,,4,,,,,0.001997700019273907,0.0,,425906176,,0,,,256,16,150,,,,,0.0,,,0.005416599975433201
0.0001473710177917198,,,,,,,,,,,,cpu,,,,,-4.758623112125843,,,,,-4.758770483143635,,,,0.9999825347260243,,,,,4096,,,,,,,150,e3edd643c87a35d8,scaling,0.0009035182942274654,,"Process RSS sampled every 10ms; includes imported dependencies, may miss short peaks",autoregressive,0.7925920000416227,,,,,,,,,,312,425906176,,,4,,,,,0.0011702000047080219,3.0968297024143676e-05,,425906176,,0,,,256,16,150,,,,,0.00022350188309738783,,,0.7947847999748774
8.881784197001252e-16,,,,,,,,,,,,cpu,,,,,-4.7587704831436355,,,,,-4.758770483143635,,,,1.0,,,,,4096,,,,,,,55,cab1c95a860be462,scaling,1.5418541998712954e-09,,"Process RSS sampled every 10ms; includes imported dependencies, may miss short peaks",vqe,3.6191000000108033,,,,,,,,,,12,425697280,,,4,,,,,0.0011909999884665012,1.8664031451951772e-16,,425676800,,0,,,256,16,150,,,,,3.7104119776643074e-10,,,3.6212473000050522
0.0,,,,,,,,,,,,cpu,,,,,-7.296229810558756,,,,,-7.296229810558756,,,,1.0,,,,,65536,,,,,,,1,9329d8c2ddee439c,scaling,0.0,,"Process RSS sampled every 10ms; includes imported dependencies, may miss short peaks",exact,0.005383500014431775,,,,,,,,,,0,425697280,,,6,,,,,0.003852900001220405,0.0,,425676800,,0,,,1024,64,150,,,,,0.0,,,0.010084300010930747
0.0009937272164224353,,,,,,,,,,,,cpu,,,,,-7.295236083342334,,,,,-7.296229810558756,,,,0.9998448978588199,,,,,65536,,,,,,,150,b5ce3c3abce8f9aa,scaling,0.0042747073778074615,,"Process RSS sampled every 10ms; includes imported dependencies, may miss short peaks",autoregressive,0.9652513999608345,,,,,,,,,,556,426033152,,,6,,,,,0.004033200035337359,0.00013619735702189104,,425676800,,0,,,1024,64,150,,,,,0.0011141464260314704,,,0.9704391999985091
0.0026811345089354788,,,,,,,,,,,,cpu,,,,,-7.293548676049821,,,,,-7.296229810558756,,,,0.9995378827099313,,,,,65536,,,,,,,131,1d24efe7a491f9db,scaling,2.9557674086078123e-09,,"Process RSS sampled every 10ms; includes imported dependencies, may miss short peaks",vqe,8.128193199983798,,,,,,,,,,18,426045440,,,6,,,,,0.005082799994852394,0.00036746848421022435,,426012672,,0,,,1024,64,150,,,,,0.0010170439906103113,,,8.134372999949846
0.0,,,,,,,,,,,,cpu,,,,,-9.837951447459423,,,,,-9.837951447459423,,,,1.0,,,,,1048576,,,,,,,1,09ffcb3c1399c0f9,scaling,0.0,,"Process RSS sampled every 10ms; includes imported dependencies, may miss short peaks",exact,0.08424950001062825,,,,,,,,,,0,430764032,,,8,,,,,0.04870719998143613,0.0,,426024960,,0,,,4096,256,150,,,,,0.0,,,0.13424410001607612
0.002051245472427965,,,,,,,,,,,,cpu,,,,,-9.835900201986995,,,,,-9.837951447459423,,,,0.9996334435402684,,,,,1048576,,,,,,,150,bbfbaa5719e314ed,scaling,0.007534954257981341,,"Process RSS sampled every 10ms; includes imported dependencies, may miss short peaks",autoregressive,1.3784753000363708,,,,,,,,,,864,432394240,,,8,,,,,0.049180999980308115,0.00020850331325407016,,426532864,,0,,,4096,256,150,,,,,0.0018179666382008852,,,1.4291534000076354
0.011820831795938957,,,,,,,,,,,,cpu,,,,,-9.826130615663484,,,,,-9.837951447459423,,,,0.9961560610233248,,,,,1048576,,,,,,,123,666bd6ee6ecb945e,scaling,1.1652241393989016e-09,,"Process RSS sampled every 10ms; includes imported dependencies, may miss short peaks",vqe,11.197638499957975,,,,,,,,,,24,432312320,,,8,,,,,0.06086920003872365,0.0012015541913445403,,428318720,,0,,,4096,256,150,,,,,0.005024882679928733,,,11.25963079999201
0.0,,,,,,,,,,,,cpu,,,,,-12.381489999654764,,,,,-12.381489999654764,,,,1.0,,,,,16777216,,,,,,,1,5fcd00959d28a8ff,scaling,0.0,,"Process RSS sampled every 10ms; includes imported dependencies, may miss short peaks",exact,1.4731627000146545,,,,,,,,,,0,520294400,,,10,,,,,1.8366199000156485,0.0,,428318720,,0,,,16384,1024,150,,,,,0.0,,,3.312287100008689
0.004001206446682559,,,,,,,,,,,,cpu,,,,,-12.377488793208082,,,,,-12.381489999654764,,,,0.9990769995579202,,,,,16777216,,,,,,,150,162d8841e5da1090,scaling,0.016293316462976253,,"Process RSS sampled every 10ms; includes imported dependencies, may miss short peaks",autoregressive,4.707668700022623,,,,,,,,,,1236,539181056,,,10,,,,,1.725475799990818,0.0003231603342403964,,428904448,,0,,,16384,1024,150,,,,,0.002913763093156163,,,6.435877200041432
